Type,May 2012,Jun 2012,Jul 2012,Aug 2012,Sep 2012,Oct 2012,Nov 2012,Dec 2012,Jan 2013,Feb 2013,Mar 2013,Apr 2013,May 2013,Jun 2013,Jul 2013,Aug 2013,Sep 2013,Oct 2013,Nov 2013,Dec 2013,Jan 2014,Feb 2014,Mar 2014,Apr 2014,May 2014,Jun 2014,Jul 2014,Aug 2014,Sep 2014,Oct 2014,Nov 2014,Dec 2014,Jan 2015,Feb 2015,Mar 2015,Apr 2015,May 2015,Jun 2015,Jul 2015,Aug 2015,Sep 2015,Oct 2015,Nov 2015,Dec 2015,Gross Profit,Revenue,Cost of Goods,Margin,Tax
Beef,0.000000,0.000000,0.000000,0.000000,0.000000,0.000000,0.000000,0.000000,0.000000,0.000000,0.000000,0.000000,0.000000,0.000000,0.000000,0.000000,0.000000,0.000000,0.000000,0.000000,0.000000,0.000000,0.000000,0.000000,0.000000,0.000000,0.000000,0.000000,0.000000,0.000000,0.000000,0.000000,0.000000,0.000000,0.000000,216.800000,8020.915000,4441.315800,2739.938883,2762.000680,4310.520000,3834.267535,3474.567522,3712.690797,33513.016217,133594.461217,100081.445000,0.250856,0.000000
Cereal,0.000000,0.000000,0.000000,0.000000,0.000000,0.000000,0.000000,29.680000,251.720000,223.030000,191.830000,54.780000,134.790000,84.670000,87.050000,19.400000,141.300000,145.000000,184.000000,109.450000,187.050000,190.080000,26.350000,61.850000,1149.170000,683.890000,720.190000,555.100000,583.260000,361.510000,196.860000,128.000000,0.000000,0.000000,0.000000,973.440000,13270.336000,10943.448000,815.732598,2057.230000,1693.205604,140.700000,246.026190,187.831266,36827.959659,130020.519659,93192.560000,0.283247,0.000000
Grains,0.000000,0.000000,0.000000,0.000000,0.000000,0.000000,0.000000,30.100000,235.000000,246.000000,209.100000,173.100000,196.900000,40.400000,44.900000,5.000000,841.450000,799.200000,1123.500000,241.700000,502.000000,82.150000,658.650000,724.000000,1106.500000,326.120000,545.050000,840.770000,1369.060000,812.170000,1788.990000,1758.260000,365.500000,0.000000,0.000000,88.000000,1442.450000,581.067393,404.000000,869.244896,1339.433436,1075.500000,1170.723330,1025.286794,23061.275849,125843.745849,102782.470000,0.183253,0.000000
Poultry,0.000000,0.000000,0.000000,0.000000,0.000000,0.000000,0.000000,0.000000,0.000000,0.000000,0.000000,0.000000,0.000000,0.000000,0.000000,0.000000,0.000000,0.000000,0.000000,0.000000,0.000000,0.000000,0.000000,0.000000,0.000000,0.000000,0.000000,0.000000,0.000000,0.000000,0.000000,0.000000,0.000000,0.000000,0.000000,579.500000,6352.720000,1876.727350,1186.880000,2981.405289,3226.545081,6271.793514,5949.969900,4751.429922,33176.971056,125610.481056,92433.510000,0.264126,0.000000
Fresh vegetables,0.000000,0.000000,0.000000,0.000000,0.000000,0.000000,0.000000,161.480000,1513.150000,994.590000,1045.790000,775.420000,938.050000,756.280000,416.720000,341.720000,705.940000,542.730000,545.390000,294.452915,435.270000,435.960000,428.140000,784.880000,1546.460000,1700.050000,1302.500000,1925.520000,2125.010000,1712.580000,1785.550000,1324.600000,435.710000,0.000000,0.000000,0.000000,0.000000,0.000000,0.000000,0.000000,0.000000,0.000000,0.000000,0.000000,24973.942915,110906.972915,85933.030000,0.225179,0.000000
Fresh poultry,0.000000,0.000000,0.000000,0.000000,0.000000,0.000000,0.000000,127.740000,606.660000,947.740000,878.300000,730.520000,1065.520000,761.300000,558.500000,472.980000,1096.300000,617.500000,800.380000,869.480000,790.180000,779.220000,662.360000,800.980000,769.500000,1538.500000,1041.250000,1463.750000,1625.450000,1665.000000,1793.000000,1639.500000,617.750000,0.000000,0.000000,0.000000,0.000000,0.000000,0.000000,0.000000,0.000000,0.000000,0.000000,0.000000,24719.360000,106463.660000,81744.300000,0.232186,0.000000
Oil,0.000000,0.000000,0.000000,0.000000,0.000000,0.000000,0.000000,0.000000,33.200000,34.200000,33.200000,56.500000,11.400000,33.200000,11.400000,0.000000,10.900000,13.500000,40.000000,27.000000,26.500000,40.000000,40.000000,65.500000,65.000000,60.000000,28.500000,519.480000,1044.420000,995.280000,1786.100000,2363.400000,315.500000,0.000000,0.000000,1032.000000,3904.750000,1162.060000,670.305155,1625.160000,1403.915409,1960.246342,2793.900058,1531.363912,23737.880875,99270.060875,75532.180000,0.239124,0.000000
Dried fruits,0.000000,0.000000,0.000000,0.000000,0.000000,0.000000,0.000000,60.820000,268.940000,451.090000,201.420000,370.630000,244.580000,518.250000,231.420000,68.690000,365.097000,395.920000,594.350000,474.760000,168.370000,211.920000,418.190000,305.880000,360.360000,371.590000,247.810000,379.330000,610.250000,5920.040000,470.390000,2530.720000,114.060000,0.000000,0.000000,125.370000,3331.752000,2219.028000,597.801959,942.600000,1498.770000,1479.348427,1803.078832,1625.955503,29978.581721,87070.649221,57092.067500,0.344302,0.000000
Fresh Beef & Poultry,0.000000,0.000000,5054.564000,885.650030,1608.990080,1525.490020,2421.009990,271.120000,1237.180000,478.890000,535.550000,305.280000,478.790000,609.130000,645.120000,167.100000,417.180000,367.370000,256.740000,418.080000,365.980000,199.090000,375.630000,380.970000,376.570000,0.000000,0.000000,0.000000,0.000000,0.000000,0.000000,0.000000,0.000000,0.000000,0.000000,0.000000,0.000000,0.000000,0.000000,0.000000,0.000000,0.000000,0.000000,0.000000,19381.474120,83842.480010,64461.005890,0.231165,0.000000
Fresh fruits,0.000000,0.000000,0.000000,0.000000,0.000000,0.000000,0.000000,93.220000,471.840000,391.700000,625.670000,416.210000,501.950000,570.060000,175.970000,217.350000,480.750000,268.670000,1973.250000,1269.465673,271.110000,238.080000,916.920000,529.420000,762.040000,1400.110000,840.610000,817.500000,1371.960000,1105.460000,1357.740000,1029.190000,301.290000,0.000000,0.000000,0.000000,0.000000,0.000000,0.000000,0.000000,0.000000,0.000000,0.000000,0.000000,18397.535673,75657.095673,57259.560000,0.243170,0.000000
Vegetables,0.000000,0.000000,0.000000,0.000000,0.000000,0.000000,0.000000,0.000000,0.000000,0.000000,0.000000,0.000000,0.000000,0.000000,0.000000,0.000000,0.000000,0.000000,0.000000,0.000000,0.000000,0.000000,0.000000,0.000000,0.000000,0.000000,0.000000,0.000000,0.000000,0.000000,0.000000,0.000000,0.000000,0.000000,0.000000,370.980000,4863.800000,2225.635000,1723.923342,2827.156577,2672.663414,4427.414335,5040.413821,1990.374762,26142.361251,73227.441251,47085.080000,0.357002,0.000000
Nuts,0.000000,0.000000,0.000000,0.000000,0.000000,0.000000,0.000000,68.610000,319.980000,386.750000,343.210000,432.540000,368.090000,470.980000,486.150000,96.630000,337.330000,321.030000,838.300000,546.550000,300.000000,267.940000,395.250000,304.500000,288.350000,246.520000,210.340000,289.470000,662.175000,433.160000,552.390000,730.890000,96.120000,0.000000,0.000000,192.000000,2136.310000,511.130000,416.120000,542.465228,1215.840000,910.973285,873.411078,1173.875556,17765.380147,64470.575147,46705.195000,0.275558,0.000000
Non-dairy milk,0.000000,0.000000,0.000000,0.000000,0.000000,0.000000,0.000000,19.600000,367.500000,196.000000,362.600000,377.300000,392.000000,151.900000,14.700000,24.500000,661.940000,456.000000,104.000000,64.000000,134.250000,36.000000,65.500000,290.450000,435.440000,201.650000,289.390000,159.340000,579.350000,855.950000,475.010000,587.670000,59.000000,0.000000,0.000000,83.000000,996.950000,847.500000,231.250000,348.500000,325.000000,82.500000,259.710057,224.000000,10759.450057,56708.350057,45948.900000,0.189733,0.000000
Seeds,0.000000,0.000000,0.000000,0.000000,0.000000,0.000000,0.000000,0.000000,13.000000,32.500000,32.500000,13.000000,6.500000,0.000000,0.000000,0.000000,70.000000,30.000000,30.000000,12.500000,87.500000,0.000000,12.500000,154.000000,70.000000,227.980000,233.040000,218.670000,82.207500,371.110000,409.630000,276.080000,175.000000,0.000000,0.000000,68.220000,4272.982000,1734.414000,551.064021,363.710000,646.604403,927.220000,3739.067665,800.094518,15661.094106,56654.104106,40993.010000,0.276434,0.000000
Fruits,0.000000,0.000000,0.000000,0.000000,0.000000,0.000000,0.000000,0.000000,0.000000,0.000000,0.000000,0.000000,0.000000,0.000000,0.000000,0.000000,0.000000,0.000000,0.000000,0.000000,0.000000,0.000000,0.000000,0.000000,0.000000,0.000000,0.000000,0.000000,0.000000,0.000000,0.000000,0.000000,0.000000,0.000000,0.000000,424.000000,3362.100000,1689.380000,1245.454874,1896.236573,2112.140000,2187.641766,2572.504572,1623.115433,17112.573217,56451.013217,39338.440000,0.303140,0.000000
General,0.000000,0.000000,895.000000,455.000000,660.000000,790.000000,1280.000000,170.000000,220.000000,105.000000,70.000000,70.000000,105.000000,0.000000,0.000000,0.000000,0.000000,0.000000,35.000000,35.000000,0.000000,0.000000,0.000000,0.000000,0.000000,0.000000,720.000000,1170.000000,1215.000000,1680.000000,1444.550000,1500.200000,210.000000,0.000000,0.000000,315.000000,8285.750000,4232.624782,2585.424870,3810.030397,4350.786757,5953.902232,7508.493786,4531.140744,54402.903568,56396.343568,1993.440000,0.964653,0.000000
Fresh beef,0.000000,0.000000,0.000000,0.000000,0.000000,0.000000,0.000000,566.560000,1530.770000,1166.360000,1327.790000,602.350000,1083.990000,1253.810000,553.360000,174.710000,1642.697820,739.350000,709.990000,651.180000,693.030000,497.110000,656.720000,488.510000,993.800000,0.000000,2.050000,20.340000,0.000000,0.000000,588.160000,0.000000,0.000000,0.000000,0.000000,0.000000,0.000000,0.000000,0.000000,0.000000,0.000000,0.000000,0.000000,0.000000,15942.637820,56064.587820,40121.950000,0.284362,0.000000
Baking products,0.000000,0.000000,0.000000,0.000000,0.000000,0.000000,0.000000,0.000000,0.000000,0.000000,0.000000,0.000000,0.000000,0.000000,0.000000,0.000000,0.000000,0.000000,0.000000,0.000000,0.000000,0.000000,0.000000,0.000000,0.000000,0.000000,0.000000,0.000000,0.000000,0.000000,0.000000,0.000000,0.000000,0.000000,0.000000,232.250000,1161.860000,825.450000,695.050000,2771.580000,2086.050000,1691.378689,2323.820292,927.164614,12714.603595,55543.973595,42829.370000,0.228911,0.000000
Food supplements,0.000000,0.000000,0.000000,0.000000,0.000000,0.000000,0.000000,48.800000,228.900000,234.220000,125.000000,174.700000,230.100000,152.700000,173.400000,23.300000,108.175000,225.080000,131.600000,71.100000,133.000000,185.160000,118.100000,108.900000,166.410000,327.370000,208.620000,469.280000,576.440000,430.940000,948.810000,458.000000,11.430000,0.000000,0.000000,124.000000,1652.450000,508.364000,527.691589,747.760000,765.948550,877.340608,1036.892376,420.012155,12729.994277,54716.034277,41986.040000,0.232656,0.000000
Chemical free beef,0.000000,0.000000,0.000000,0.000000,0.000000,0.000000,0.000000,0.000000,0.000000,0.000000,0.000000,0.000000,0.000000,0.000000,0.000000,0.000000,0.000000,0.000000,0.000000,0.000000,0.000000,0.000000,0.000000,0.000000,115.000000,1017.200000,1501.760000,1864.200000,1719.350000,2145.750000,4311.850000,1579.600000,1047.500000,0.000000,0.000000,0.000000,0.000000,19.000000,0.000000,100.750000,63.000000,0.000000,0.000000,0.000000,15484.960000,53568.500000,38083.540000,0.289068,0.000000
Pasta,0.000000,0.000000,0.000000,0.000000,0.000000,0.000000,0.000000,5.900000,112.100000,88.500000,118.000000,94.400000,94.400000,70.800000,17.700000,0.000000,227.250000,144.000000,108.000000,97.950000,277.200000,190.650000,125.850000,319.740000,502.100000,387.250000,216.250000,392.850000,563.000000,589.500000,489.950000,369.000000,107.750000,0.000000,0.000000,0.000000,377.500000,356.000000,153.500000,883.007739,529.500000,637.085737,574.062149,369.693787,9590.439413,43007.699413,33417.260000,0.222994,0.000000
Cosmetics,0.000000,0.000000,30.830000,70.690000,35.440000,141.160000,197.480000,0.000000,90.490000,92.350000,84.860000,11.800000,11.800000,11.000000,6.700000,0.000000,6.700000,13.000000,0.000000,70.100000,131.000000,46.000000,26.000000,26.000000,36.000000,202.000000,202.670000,173.260000,139.460000,134.300000,268.550000,230.280000,73.900000,0.000000,0.000000,120.000000,945.500000,414.500000,212.250000,406.250000,283.500000,1290.698035,1598.099851,931.637859,8766.255746,37253.335746,28487.080000,0.235315,0.000000
Sweeteners,0.000000,0.000000,0.000000,0.000000,0.000000,0.000000,0.000000,3.900000,46.500000,28.400000,48.700000,62.600000,62.060000,63.080000,41.560000,45.540000,38.105000,28.860000,19.240000,24.050000,155.300000,72.800000,28.060000,0.000000,15.600000,72.900000,14.480000,31.440000,63.960000,84.120000,185.940000,211.800000,34.950000,0.000000,0.000000,285.750000,1682.900000,912.550474,182.697938,704.010000,510.090000,1110.420000,547.024903,563.430000,7982.818315,34505.028315,26522.210000,0.231352,0.000000
Rice,0.000000,0.000000,0.000000,0.000000,0.000000,0.000000,0.000000,29.400000,94.500000,82.500000,74.300000,93.500000,112.400000,106.250000,22.800000,17.100000,187.700000,140.150000,129.800000,98.100000,91.850000,65.450000,51.900000,142.200000,384.550000,354.600000,371.450000,272.340000,405.200000,411.740000,282.400000,381.500000,87.580000,0.000000,0.000000,24.000000,578.350000,484.250000,341.926382,314.778221,380.200000,314.112712,470.607610,334.134951,7733.619875,33828.029875,26094.410000,0.228616,0.000000
Snacks,0.000000,0.000000,0.000000,0.000000,0.000000,0.000000,0.000000,0.000000,53.800000,57.800000,43.700000,23.500000,44.400000,49.800000,15.500000,14.800000,34.850000,75.000000,57.000000,47.250000,28.700000,100.360000,24.700000,19.620000,16.310000,0.000000,15.000000,0.000000,23.000000,51.570000,98.000000,45.570000,0.000000,0.000000,0.000000,1511.800000,1837.340000,656.400000,50.158100,817.301702,1118.750000,650.140000,719.434955,290.193333,8591.748090,33681.928090,25090.180000,0.255085,0.000000
Honey,0.000000,0.000000,0.000000,0.000000,0.000000,0.000000,0.000000,0.000000,3.000000,6.000000,0.000000,12.000000,0.000000,0.000000,1.500000,0.000000,4.500000,6.000000,0.000000,0.000000,1.500000,41.500000,29.000000,6.000000,94.700000,108.400000,88.500000,258.500000,137.500000,224.250000,186.550000,194.000000,11.300000,0.000000,0.000000,400.000000,680.000000,131.100000,144.000000,1070.604396,869.280000,1817.244609,1913.809820,669.435445,9110.174269,33139.464269,24029.290000,0.274904,0.000000
Chemical free poultry,0.000000,0.000000,0.000000,0.000000,0.000000,0.000000,0.000000,0.000000,0.000000,0.000000,0.000000,0.000000,0.000000,0.000000,0.000000,0.000000,0.000000,0.000000,0.000000,0.000000,0.000000,0.000000,0.000000,0.000000,53.610000,170.890000,362.880000,258.720000,127.680000,682.780000,950.400000,1887.800000,220.500000,0.000000,0.000000,0.000000,0.000000,0.000000,0.000000,0.000000,0.000000,0.000000,0.000000,0.000000,4715.260000,27566.100000,22850.840000,0.171053,0.000000
Sea Food,0.000000,0.000000,0.000000,0.000000,0.000000,0.000000,0.000000,0.000000,0.000000,0.000000,0.000000,0.000000,0.000000,0.000000,0.000000,0.000000,0.000000,0.000000,0.000000,0.000000,0.000000,0.000000,0.000000,0.000000,0.000000,0.000000,0.000000,0.000000,0.000000,0.000000,0.000000,0.000000,0.000000,0.000000,0.000000,496.000000,1271.400000,554.700000,544.400000,613.343537,1104.000000,928.800000,1466.537733,1986.898371,8966.079641,27208.359641,18242.280000,0.329534,0.000000
Fresh veal,0.000000,0.000000,0.000000,0.000000,0.000000,0.000000,0.000000,288.000000,216.000000,504.000000,360.000000,168.000000,312.000000,360.000000,384.000000,192.000000,504.000000,216.000000,264.000000,288.000000,360.000000,192.000000,144.000000,312.000000,584.000000,0.000000,0.000000,0.000000,0.000000,0.000000,0.000000,0.000000,0.000000,0.000000,0.000000,0.000000,0.000000,0.000000,0.000000,0.000000,0.000000,0.000000,0.000000,0.000000,5648.000000,24128.000000,18480.000000,0.234085,0.000000
Eggs,0.000000,0.000000,0.000000,0.000000,0.000000,0.000000,0.000000,0.000000,0.000000,0.000000,0.000000,0.000000,0.000000,0.000000,0.000000,0.000000,0.000000,0.000000,0.000000,0.000000,0.000000,9.000000,76.500000,153.000000,189.000000,175.500000,162.000000,106.800000,118.900000,159.350000,375.950000,419.100000,68.750000,0.000000,0.000000,9.000000,471.750000,407.500000,279.500000,477.000000,517.015094,491.000000,531.800135,252.540126,5450.955355,23706.655355,18255.700000,0.229934,0.000000
Delivery,0.000000,0.000000,0.000000,0.000000,0.000000,0.000000,0.000000,280.000000,1175.000000,1470.000000,1585.000000,1360.000000,1415.000000,1450.000000,815.000000,440.000000,1374.000000,1065.000000,1310.000000,893.761412,1075.000000,845.000000,905.000000,1065.000000,1235.000000,0.000000,60.000000,60.000000,30.000000,20.000000,60.000000,50.000000,0.000000,0.000000,0.000000,0.000000,0.000000,0.000000,0.000000,0.000000,0.000000,0.000000,0.000000,0.000000,20037.761412,23237.761412,3200.000000,0.862293,0.000000
Nut butter,0.000000,0.000000,0.000000,0.000000,0.000000,0.000000,0.000000,0.000000,0.000000,0.000000,0.000000,0.000000,0.000000,0.000000,0.000000,0.000000,0.000000,0.000000,0.000000,0.000000,0.000000,0.000000,0.000000,0.000000,0.000000,0.000000,0.000000,0.000000,0.000000,0.000000,0.000000,0.000000,0.000000,0.000000,0.000000,0.000000,0.000000,0.000000,13.000000,360.750000,572.000000,1239.201999,1250.733399,947.289206,4382.974604,22890.974604,18508.000000,0.191472,0.000000
Prepared food,0.000000,0.000000,0.000000,0.000000,0.000000,0.000000,0.000000,0.000000,0.000000,0.000000,0.000000,0.000000,0.000000,0.000000,0.000000,0.000000,0.000000,0.000000,0.000000,0.000000,0.000000,0.000000,0.000000,0.000000,0.000000,0.000000,0.000000,0.000000,0.000000,0.000000,0.000000,0.000000,0.000000,0.000000,0.000000,0.000000,0.000000,0.000000,165.000000,454.030000,528.000000,1077.200000,1178.785943,994.000000,4397.015943,21401.585943,17004.570000,0.205453,0.000000
Home appliance,0.000000,0.000000,0.000000,0.000000,0.000000,0.000000,0.000000,0.000000,0.000000,0.000000,0.000000,0.000000,0.000000,0.000000,0.000000,0.000000,0.000000,0.000000,0.000000,0.000000,0.000000,0.000000,0.000000,0.000000,0.000000,0.000000,0.000000,0.000000,0.000000,0.000000,0.000000,0.000000,0.000000,0.000000,0.000000,0.000000,1589.650000,0.000000,0.000000,0.000000,0.000000,928.000000,1050.000000,1050.000000,4617.650000,20153.000000,15535.350000,0.229130,0.000000
Chemical free vegetables,0.000000,0.000000,0.000000,0.000000,0.000000,0.000000,0.000000,0.000000,0.000000,0.000000,0.000000,0.000000,0.000000,0.000000,0.000000,0.000000,0.000000,0.000000,0.000000,0.000000,0.000000,0.000000,44.750000,227.650000,256.300000,316.490000,140.210000,266.750000,358.000000,515.080000,942.960000,876.180000,181.010000,0.000000,0.000000,0.000000,0.000000,0.000000,0.000000,0.000000,0.000000,0.000000,0.000000,0.000000,4125.380000,18577.570000,14452.190000,0.222062,0.000000
Flour,0.000000,0.000000,0.000000,0.000000,0.000000,0.000000,0.000000,13.100000,54.450000,36.550000,130.100000,68.250000,102.100000,139.150000,34.400000,28.500000,116.680000,93.000000,56.000000,47.700000,136.500000,49.500000,41.000000,145.250000,155.390000,107.310000,144.200000,176.280000,172.970000,255.600000,305.480000,264.500000,84.000000,0.000000,0.000000,0.000000,0.000000,76.500000,0.000000,0.000000,0.000000,0.000000,0.000000,12.750000,3047.210000,16536.130000,13488.920000,0.184276,0.000000
Fish,0.000000,0.000000,107.030000,134.590000,216.200000,264.630000,119.400000,44.150000,123.620000,85.640000,91.810000,0.000000,0.000000,0.000000,0.000000,0.000000,99.914600,78.400000,0.000000,39.200000,78.400000,0.000000,0.000000,0.000000,-224.000000,-175.230000,219.100000,174.400000,553.540000,89.630000,504.800000,634.600000,153.150000,0.000000,0.000000,0.000000,0.000000,0.000000,0.000000,0.000000,0.000000,0.000000,0.000000,0.000000,3412.974600,16045.314600,12632.340000,0.212708,0.000000
Spices,0.000000,0.000000,0.000000,0.000000,0.000000,0.000000,0.000000,0.000000,16.000000,28.000000,12.000000,24.000000,24.000000,20.000000,12.000000,4.000000,32.375000,25.000000,0.000000,0.000000,0.000000,20.000000,50.000000,102.400000,54.000000,147.210000,67.800000,84.600000,252.400000,264.800000,248.820000,217.690000,45.750000,0.000000,0.000000,180.000000,373.150000,127.690000,57.000000,172.833850,129.250000,435.687885,638.461650,250.343786,4117.262171,15697.202171,11579.940000,0.262293,0.000000
Vinegar,0.000000,0.000000,0.000000,0.000000,0.000000,0.000000,0.000000,4.500000,27.000000,4.500000,31.500000,18.000000,13.500000,27.000000,0.000000,0.000000,0.000000,69.600000,69.600000,8.600000,77.400000,25.800000,0.000000,0.000000,78.000000,70.000000,85.500000,55.500000,90.000000,400.640000,319.900000,320.000000,42.000000,0.000000,0.000000,35.000000,840.000000,140.000000,119.027580,297.500000,245.000000,324.211265,300.737761,257.697743,4397.714348,15270.144348,10872.430000,0.287994,0.000000
Fresh Produce,0.000000,0.000000,550.760000,372.290000,558.360000,705.030000,922.780000,55.470000,0.000000,0.000000,0.000000,0.000000,0.000000,0.000000,0.000000,0.000000,0.000000,0.000000,0.000000,0.000000,0.000000,0.000000,0.000000,0.000000,0.000000,0.000000,0.000000,0.000000,0.000000,0.000000,0.000000,0.000000,0.000000,0.000000,0.000000,0.000000,0.000000,0.000000,0.000000,0.000000,0.000000,0.000000,0.000000,0.000000,3164.690000,14268.370000,11103.680000,0.221798,0.000000
Veal,0.000000,0.000000,0.000000,0.000000,0.000000,0.000000,0.000000,0.000000,0.000000,0.000000,0.000000,0.000000,0.000000,0.000000,0.000000,0.000000,0.000000,0.000000,0.000000,0.000000,0.000000,0.000000,0.000000,0.000000,0.000000,0.000000,0.000000,0.000000,0.000000,0.000000,0.000000,0.000000,0.000000,0.000000,0.000000,0.000000,938.000000,807.040000,450.740000,368.650000,960.030000,94.500000,0.000000,399.689783,4018.649783,14149.589783,10130.940000,0.284012,0.000000
Herbs,0.000000,0.000000,0.000000,0.000000,0.000000,0.000000,0.000000,0.000000,34.500000,12.500000,43.500000,48.200000,69.500000,40.500000,21.500000,10.700000,28.500000,34.000000,0.000000,24.700000,31.500000,9.000000,20.000000,9.500000,51.500000,151.750000,23.200000,103.150000,260.810000,195.550000,58.930000,33.100000,7.000000,0.000000,0.000000,11.000000,504.300000,197.540000,108.370000,113.218826,308.550000,456.245593,507.950428,100.962472,3631.227319,13960.087319,10328.860000,0.260115,0.000000
Bread,0.000000,0.000000,0.000000,0.000000,0.000000,0.000000,0.000000,0.000000,0.000000,0.000000,0.000000,0.000000,0.000000,0.000000,0.000000,0.000000,0.000000,0.000000,0.000000,0.000000,0.000000,0.000000,0.000000,0.000000,0.000000,117.000000,73.790000,122.205000,203.310000,230.240000,177.150000,143.200000,55.700000,0.000000,0.000000,222.000000,591.300000,250.050000,66.473711,193.362637,462.200000,330.650000,404.273934,162.000000,3804.905283,13389.275283,9584.370000,0.284176,0.000000
Milk,0.000000,0.000000,0.000000,0.000000,0.000000,0.000000,0.000000,9.800000,39.200000,14.700000,88.200000,147.000000,171.500000,147.000000,9.800000,4.900000,168.000000,64.000000,128.000000,16.000000,0.000000,0.000000,0.000000,1.790000,0.000000,68.000000,68.000000,100.000000,112.500000,32.000000,45.000000,45.000000,10.000000,0.000000,0.000000,42.000000,636.000000,350.000000,142.400000,85.170000,79.127252,86.720000,26.703614,228.110000,3166.620866,11938.500866,8771.880000,0.265244,0.000000
,0.000000,0.000000,0.000000,0.000000,0.000000,0.000000,0.000000,0.000000,0.000000,0.000000,0.000000,0.000000,0.000000,0.000000,0.000000,0.000000,0.000000,0.000000,0.000000,0.000000,0.000000,0.000000,0.000000,180.000000,495.000000,0.000000,680.000000,1410.000000,1700.000000,1720.000000,2060.000000,1860.000000,410.000000,0.000000,0.000000,0.000000,0.000000,0.000000,0.000000,0.000000,0.000000,0.000000,0.000000,0.000000,10515.000000,11115.000000,600.000000,0.946019,0.000000
Frozen fruits,0.000000,0.000000,0.000000,0.000000,0.000000,0.000000,0.000000,0.000000,0.000000,0.000000,0.000000,0.000000,0.000000,0.000000,0.000000,0.000000,0.000000,0.000000,0.000000,0.000000,0.000000,7.700000,106.400000,97.250000,21.500000,208.120000,168.890000,348.400000,363.600000,239.010000,467.050000,173.600000,141.040000,0.000000,0.000000,0.000000,0.000000,0.000000,0.000000,0.000000,0.000000,0.000000,0.000000,0.000000,2342.560000,10994.890000,8652.330000,0.213059,0.000000
Super foods,0.000000,0.000000,198.100000,339.350000,398.430000,498.350000,590.540000,0.000000,0.000000,0.000000,0.000000,0.000000,0.000000,0.000000,0.000000,0.000000,0.000000,0.000000,0.000000,0.000000,0.000000,0.000000,0.000000,0.000000,0.000000,0.000000,0.000000,0.000000,0.000000,0.000000,0.000000,0.000000,0.000000,0.000000,0.000000,0.000000,0.000000,0.000000,0.000000,0.000000,0.000000,0.000000,0.000000,0.000000,2024.770000,10978.850000,8954.080000,0.184425,0.000000
Dried Fruits & Nuts,0.000000,0.000000,531.180000,249.020000,360.430000,491.960000,791.850000,100.460000,213.700000,286.120000,219.550000,46.900000,0.000000,28.250000,0.000000,0.000000,0.000000,0.000000,0.000000,0.000000,0.000000,0.000000,10.800000,-24.000000,10.800000,0.000000,0.000000,0.000000,0.000000,0.000000,0.000000,0.000000,0.000000,0.000000,0.000000,0.000000,0.000000,0.000000,0.000000,0.000000,0.000000,0.000000,0.000000,0.000000,3317.020000,10661.880000,7344.860000,0.311110,0.000000
Accessories,0.000000,0.000000,1.500000,0.000000,3.000000,14.850000,13.350000,0.000000,9.000000,0.000000,15.500000,0.000000,7.000000,6.250000,1.500000,0.000000,24.000000,3.000000,0.000000,3.000000,0.000000,8.500000,0.000000,0.000000,0.000000,0.000000,0.000000,72.000000,183.750000,0.000000,41.250000,1065.600000,519.000000,0.000000,0.000000,0.000000,0.000000,0.000000,0.000000,0.000000,0.000000,0.000000,0.000000,0.000000,1992.050000,10387.300000,8395.250000,0.191777,0.000000
Crackers,0.000000,0.000000,0.000000,0.000000,0.000000,0.000000,0.000000,0.000000,4.700000,37.600000,9.400000,0.000000,9.400000,9.400000,0.000000,4.700000,0.000000,21.000000,14.000000,21.000000,0.000000,108.500000,117.000000,39.000000,52.000000,96.700000,79.000000,192.500000,191.050000,206.200000,144.540000,265.520000,20.400000,0.000000,0.000000,132.000000,30.800000,0.000000,15.400000,0.000000,18.150000,7.700000,0.000000,0.000000,1847.660000,8796.090000,6948.430000,0.210055,0.000000
Beverages,0.000000,0.000000,0.000000,0.000000,0.000000,0.000000,0.000000,0.000000,0.000000,0.000000,0.000000,0.000000,0.000000,0.000000,0.000000,0.000000,0.000000,0.000000,0.000000,0.000000,0.000000,8.800000,8.800000,34.300000,21.410000,42.060000,20.550000,6.230000,96.010000,90.280000,119.120000,106.900000,36.500000,0.000000,0.000000,243.000000,245.210000,141.230000,30.730000,94.500000,62.750000,103.500000,365.750000,316.750000,2194.380000,8774.100000,6579.720000,0.250097,0.000000
Lamb,0.000000,0.000000,0.000000,0.000000,0.000000,0.000000,0.000000,0.000000,0.000000,0.000000,0.000000,0.000000,0.000000,0.000000,0.000000,0.000000,0.000000,0.000000,0.000000,0.000000,0.000000,0.000000,0.000000,0.000000,0.000000,0.000000,0.000000,0.000000,0.000000,0.000000,0.000000,0.000000,0.000000,0.000000,0.000000,0.000000,155.000000,236.300000,16.200000,97.200000,368.800000,413.000000,382.223268,308.098753,1976.822021,8145.182021,6168.360000,0.242698,0.000000
Grains & Cereal,0.000000,0.000000,140.940000,127.130000,136.650000,272.570000,352.150000,35.700000,0.000000,0.000000,0.000000,0.000000,0.000000,0.000000,0.000000,0.000000,0.000000,0.000000,0.000000,0.000000,0.000000,0.000000,0.000000,0.000000,0.000000,0.000000,0.000000,0.000000,0.000000,0.000000,0.000000,0.000000,0.000000,0.000000,0.000000,0.000000,0.000000,0.000000,0.000000,0.000000,0.000000,0.000000,0.000000,0.000000,1065.140000,7726.640000,6661.500000,0.137853,0.000000
cheese,0.000000,0.000000,0.000000,0.000000,0.000000,0.000000,0.000000,0.000000,0.000000,0.000000,0.000000,0.000000,0.000000,0.000000,0.000000,0.000000,0.000000,0.000000,0.000000,0.000000,0.000000,0.000000,0.000000,0.000000,0.000000,0.000000,0.000000,12.000000,161.100000,252.890000,86.640000,59.370000,27.350000,0.000000,0.000000,0.000000,36.000000,60.000000,0.000000,96.000000,273.000000,320.667082,-118.141228,40.161111,1307.036964,7517.136964,6210.100000,0.173874,0.000000
Herbal pharmacy,0.000000,0.000000,0.000000,0.000000,0.000000,0.000000,0.000000,0.000000,58.000000,44.000000,113.000000,28.500000,34.500000,1.000000,39.000000,34.000000,48.000000,-161.000000,4.500000,20.000000,5.500000,7.000000,0.000000,0.000000,0.000000,0.000000,0.000000,0.000000,0.000000,0.000000,0.000000,0.000000,0.000000,0.000000,0.000000,0.000000,0.000000,0.000000,0.000000,0.000000,0.000000,0.000000,0.000000,0.000000,276.000000,7262.000000,6986.000000,0.038006,0.000000
spreads,0.000000,0.000000,0.000000,0.000000,0.000000,0.000000,0.000000,0.000000,0.000000,0.000000,0.000000,0.000000,0.000000,0.000000,0.000000,0.000000,0.000000,0.000000,0.000000,0.000000,0.000000,0.000000,0.000000,0.000000,0.000000,18.000000,78.000000,142.000000,470.000000,284.000000,102.000000,10.000000,0.000000,0.000000,0.000000,0.000000,0.000000,0.000000,0.000000,0.000000,0.000000,0.000000,0.000000,0.000000,1104.000000,6200.000000,5096.000000,0.178065,0.000000
Chemical free produce,0.000000,0.000000,2.700000,0.000000,0.000000,11.700000,310.530000,60.750000,164.800000,475.100000,172.160000,129.800000,157.420000,69.050000,0.000000,0.000000,0.000000,0.000000,0.000000,0.000000,0.000000,0.000000,0.000000,0.000000,0.000000,0.000000,0.000000,0.000000,0.000000,0.000000,0.000000,0.000000,0.000000,0.000000,0.000000,0.000000,0.000000,0.000000,0.000000,0.000000,0.000000,0.000000,0.000000,0.000000,1554.010000,6103.460000,4549.450000,0.254611,0.000000
Cookies,0.000000,0.000000,0.000000,0.000000,0.000000,0.000000,0.000000,0.000000,0.000000,0.000000,0.000000,0.000000,0.000000,0.000000,0.000000,0.000000,0.000000,9.100000,0.000000,-10.500000,12.600000,0.000000,12.000000,33.000000,108.000000,113.900000,26.900000,80.030000,117.800000,188.400000,347.350000,208.100000,12.000000,0.000000,0.000000,0.000000,0.000000,0.000000,0.000000,0.000000,0.000000,0.000000,0.000000,0.000000,1258.680000,5819.450000,4560.770000,0.216288,0.000000
Honey & Sweeteners,0.000000,0.000000,121.050000,19.950000,42.450000,227.220000,136.860000,100.000000,132.300000,81.400000,209.200000,62.500000,116.500000,93.900000,12.500000,50.000000,37.500000,25.300000,112.500000,71.500000,21.500000,21.400000,0.000000,0.000000,0.000000,0.000000,0.000000,0.000000,0.000000,0.000000,0.000000,0.000000,0.000000,0.000000,0.000000,0.000000,0.000000,0.000000,0.000000,0.000000,0.000000,0.000000,0.000000,0.000000,1695.530000,5537.050000,3841.520000,0.306215,0.000000
Whole sale,493.020000,273.125000,0.000000,0.000000,0.000000,0.000000,0.000000,0.000000,0.000000,0.000000,0.000000,0.000000,0.000000,0.000000,0.000000,0.000000,0.000000,0.000000,0.000000,0.000000,0.000000,0.000000,0.000000,0.000000,0.000000,0.000000,0.000000,0.000000,0.000000,0.000000,0.000000,0.000000,0.000000,0.000000,0.000000,0.000000,0.000000,0.000000,0.000000,0.000000,0.000000,0.000000,0.000000,0.000000,766.145000,4636.920000,3870.775000,0.165227,0.000000
Sauces,0.000000,0.000000,0.000000,0.000000,0.000000,0.000000,0.000000,0.000000,0.000000,0.000000,0.000000,0.000000,0.000000,0.000000,0.000000,0.000000,0.000000,0.000000,0.000000,0.000000,0.000000,0.000000,8.750000,8.750000,8.750000,0.000000,0.000000,0.000000,0.000000,0.000000,0.000000,0.000000,0.000000,0.000000,0.000000,0.000000,218.500000,161.000000,43.500000,173.419453,160.250000,125.884310,151.049466,119.440000,1179.293229,4407.603229,3228.310000,0.267559,0.000000
Jam,0.000000,0.000000,0.000000,0.000000,0.000000,0.000000,0.000000,0.000000,0.000000,0.000000,0.000000,0.000000,0.000000,0.000000,0.000000,0.000000,0.000000,0.000000,0.000000,0.000000,0.000000,0.000000,0.000000,0.000000,0.000000,0.000000,0.000000,0.000000,0.000000,0.000000,0.000000,0.000000,0.000000,0.000000,0.000000,0.000000,330.000000,156.000000,102.500000,30.000000,272.000000,149.904040,6.931148,42.000000,1089.335188,4064.335188,2975.000000,0.268023,0.000000
Juices,0.000000,0.000000,0.000000,0.000000,0.000000,0.000000,0.000000,0.000000,0.000000,0.000000,0.000000,0.000000,0.000000,0.000000,0.000000,0.000000,0.000000,0.000000,0.000000,0.000000,0.000000,48.000000,88.000000,120.500000,56.000000,41.000000,0.000000,90.990000,105.910000,42.690000,155.630000,80.690000,28.000000,0.000000,0.000000,0.000000,0.000000,0.000000,0.000000,0.000000,0.000000,0.000000,0.000000,0.000000,857.410000,3955.900000,3098.490000,0.216742,0.000000
Chocolate,0.000000,0.000000,0.000000,0.000000,0.000000,0.000000,0.000000,0.000000,0.000000,0.000000,0.000000,0.000000,0.000000,0.000000,0.000000,0.000000,0.000000,0.000000,0.000000,0.000000,25.000000,11.000000,30.500000,30.500000,16.650000,187.300000,72.250000,211.260000,8.900000,388.500000,155.390000,11.000000,0.000000,0.000000,0.000000,0.000000,28.000000,0.000000,0.000000,0.000000,0.000000,0.000000,0.000000,0.000000,1176.250000,3344.250000,2168.000000,0.351723,0.000000
Herbal Drinks,0.000000,0.000000,17.860000,8.500000,14.050000,41.040000,51.770000,0.000000,19.600000,0.000000,19.600000,69.100000,23.600000,7.900000,0.000000,0.000000,27.800000,0.000000,0.000000,0.000000,0.000000,10.000000,-2.500000,0.000000,0.000000,0.000000,0.000000,0.000000,0.000000,0.000000,0.000000,0.000000,0.000000,0.000000,0.000000,0.000000,157.500000,40.250000,45.750000,42.750000,92.250000,116.800000,55.664894,14.250000,873.534894,3298.114894,2424.580000,0.264859,0.000000
Ricenpasta,0.000000,0.000000,0.000000,0.000000,0.000000,0.000000,0.000000,5.900000,87.700000,35.000000,80.100000,11.800000,35.400000,23.600000,0.000000,0.000000,33.750000,9.000000,18.000000,45.000000,0.000000,25.100000,36.350000,22.500000,33.750000,0.000000,0.000000,0.000000,0.000000,0.000000,0.000000,0.000000,0.000000,0.000000,0.000000,0.000000,0.000000,0.000000,0.000000,0.000000,0.000000,0.000000,0.000000,0.000000,502.950000,3143.150000,2640.200000,0.160015,0.000000
Condiments,0.000000,0.000000,13.200000,9.930000,18.730000,26.340000,40.410000,0.000000,27.000000,22.500000,27.500000,24.750000,41.250000,25.250000,10.000000,15.250000,21.100000,13.500000,5.500000,4.000000,78.750000,33.750000,33.250000,13.750000,0.000000,0.000000,0.000000,10.000000,0.000000,0.000000,0.000000,0.000000,0.000000,0.000000,0.000000,0.000000,0.000000,0.000000,0.000000,0.000000,0.000000,0.000000,0.000000,0.000000,515.710000,3126.110000,2610.400000,0.164969,0.000000
Baking supplments,0.000000,0.000000,0.000000,0.000000,0.000000,0.000000,0.000000,4.000000,12.000000,12.000000,8.000000,4.000000,16.000000,20.000000,8.000000,12.000000,15.000000,10.000000,5.000000,10.000000,0.000000,0.000000,5.000000,26.500000,215.680000,145.600000,89.600000,33.600000,0.000000,8.760000,0.000000,7.000000,0.000000,0.000000,0.000000,0.000000,0.000000,0.000000,0.000000,0.000000,0.000000,0.000000,0.000000,0.000000,667.740000,2960.500000,2292.760000,0.225550,0.000000
Japanese cuisine,0.000000,0.000000,0.000000,0.000000,0.000000,0.000000,0.000000,0.000000,41.450000,4.900000,24.800000,9.000000,48.800000,33.550000,6.550000,0.000000,24.000000,19.900000,10.900000,0.000000,9.800000,0.000000,29.950000,32.450000,0.000000,0.000000,0.000000,0.000000,0.000000,0.000000,0.000000,0.000000,0.000000,0.000000,0.000000,0.000000,0.000000,0.000000,0.000000,0.000000,0.000000,0.000000,0.000000,0.000000,296.050000,2152.650000,1856.600000,0.137528,0.000000
Soy Products,0.000000,0.000000,16.000000,55.000000,44.000000,98.200000,172.550000,4.000000,0.000000,0.000000,0.000000,0.000000,0.000000,0.000000,0.000000,0.000000,0.000000,0.000000,0.000000,55.500000,0.000000,0.000000,0.000000,0.000000,0.000000,0.000000,0.000000,0.000000,0.000000,0.000000,0.000000,0.000000,0.000000,0.000000,0.000000,0.000000,0.000000,0.000000,0.000000,0.000000,0.000000,0.000000,0.000000,0.000000,445.250000,2074.250000,1629.000000,0.214656,0.000000
Gluten free baking,0.000000,0.000000,0.000000,0.000000,0.000000,0.000000,0.000000,5.500000,5.500000,11.750000,44.750000,21.550000,56.950000,12.050000,23.500000,11.000000,15.900000,0.000000,0.000000,0.000000,75.000000,22.500000,11.250000,7.500000,0.000000,0.000000,0.000000,0.000000,0.000000,0.000000,0.000000,0.000000,0.000000,0.000000,0.000000,0.000000,0.000000,0.000000,0.000000,0.000000,0.000000,0.000000,0.000000,0.000000,324.700000,2031.250000,1706.550000,0.159852,0.000000
Frozen,0.000000,0.000000,0.000000,0.000000,0.000000,0.000000,0.000000,0.000000,19.800000,39.600000,59.400000,0.000000,0.000000,0.000000,0.000000,0.000000,0.000000,0.000000,0.000000,0.000000,0.000000,7.500000,79.750000,-408.250000,7.500000,0.000000,0.000000,0.000000,0.000000,0.000000,0.000000,0.000000,0.000000,0.000000,0.000000,0.000000,0.000000,0.000000,0.000000,0.000000,0.000000,0.000000,0.000000,0.000000,-194.700000,1949.300000,2144.000000,-0.099882,0.000000
Seeds,0.000000,0.000000,54.910000,40.260000,42.980000,26.360000,92.470000,1.000000,0.000000,0.000000,0.000000,0.000000,0.000000,0.000000,0.000000,0.000000,0.000000,0.000000,0.000000,0.000000,0.000000,0.000000,0.000000,0.000000,0.000000,0.000000,0.000000,0.000000,0.000000,0.000000,0.000000,0.000000,0.000000,0.000000,0.000000,0.000000,0.000000,0.000000,0.000000,0.000000,0.000000,0.000000,0.000000,0.000000,257.980000,1398.930000,1140.950000,0.184412,0.000000
Bundles,0.000000,0.000000,0.000000,0.000000,0.000000,0.000000,0.000000,0.000000,0.000000,0.000000,0.000000,0.000000,0.000000,0.000000,0.000000,0.000000,0.000000,0.000000,0.000000,0.000000,0.000000,0.000000,0.000000,0.000000,0.000000,0.000000,0.000000,0.000000,0.000000,0.000000,0.000000,0.000000,0.000000,0.000000,0.000000,0.000000,0.000000,0.000000,0.000000,0.000000,0.000000,0.000000,1200.000000,0.000000,1200.000000,1200.000000,0.000000,1.000000,0.000000
Organic fresh fruits & vegetables,0.000000,0.000000,0.000000,0.000000,0.000000,0.000000,0.000000,0.000000,0.000000,0.000000,0.000000,0.000000,0.000000,0.000000,0.000000,0.000000,0.000000,0.000000,0.000000,0.000000,0.000000,0.000000,68.750000,93.500000,78.350000,0.000000,0.000000,0.000000,0.000000,0.000000,0.000000,0.000000,0.000000,0.000000,0.000000,0.000000,0.000000,0.000000,0.000000,0.000000,0.000000,0.000000,0.000000,0.000000,240.600000,1196.750000,956.150000,0.201044,0.000000
Chemical free fruits,0.000000,0.000000,0.000000,0.000000,0.000000,0.000000,0.000000,0.000000,0.000000,0.000000,0.000000,0.000000,0.000000,0.000000,0.000000,0.000000,0.000000,0.000000,0.000000,0.000000,0.000000,0.000000,0.000000,0.000000,5.200000,0.000000,0.000000,0.000000,5.500000,5.200000,173.960000,134.400000,47.340000,0.000000,0.000000,0.000000,0.000000,0.000000,0.000000,0.000000,0.000000,0.000000,0.000000,0.000000,371.600000,1111.500000,739.900000,0.334323,0.000000
Whole sale,0.000000,0.000000,160.000000,0.000000,0.000000,0.000000,0.000000,0.000000,0.000000,0.000000,0.000000,0.000000,0.000000,20.000000,0.000000,0.000000,0.000000,0.000000,0.000000,20.000000,0.000000,0.000000,0.000000,0.000000,0.000000,0.000000,0.000000,0.000000,0.000000,0.000000,0.000000,0.000000,0.000000,0.000000,0.000000,0.000000,0.000000,0.000000,0.000000,0.000000,0.000000,0.000000,0.000000,0.000000,200.000000,900.000000,700.000000,0.222222,0.000000
Paste,0.000000,0.000000,0.000000,0.000000,0.000000,0.000000,0.000000,0.000000,0.000000,0.000000,0.000000,0.000000,0.000000,0.000000,0.000000,0.000000,0.000000,0.000000,0.000000,0.000000,0.000000,0.000000,0.000000,3.920000,3.920000,35.280000,12.000000,22.320000,30.000000,6.000000,72.000000,28.320000,12.000000,0.000000,0.000000,0.000000,0.000000,0.000000,0.000000,0.000000,0.000000,0.000000,0.000000,0.000000,225.760000,821.200000,595.440000,0.274915,0.000000
Nuts & Dried Fruits,156.510000,0.000000,0.000000,0.000000,0.000000,0.000000,0.000000,0.000000,0.000000,0.000000,0.000000,0.000000,0.000000,0.000000,0.000000,0.000000,0.000000,0.000000,0.000000,0.000000,0.000000,0.000000,0.000000,0.000000,0.000000,0.000000,0.000000,0.000000,0.000000,0.000000,0.000000,0.000000,0.000000,0.000000,0.000000,0.000000,0.000000,0.000000,0.000000,0.000000,0.000000,0.000000,0.000000,0.000000,156.510000,678.010000,521.500000,0.230837,0.000000
Baking mix,0.000000,0.000000,0.000000,0.000000,0.000000,0.000000,0.000000,0.000000,0.000000,0.000000,0.000000,0.000000,0.000000,0.000000,0.000000,0.000000,0.000000,0.000000,0.000000,0.000000,0.000000,0.000000,0.000000,0.000000,0.000000,12.000000,6.000000,18.000000,23.000000,0.000000,-5.250000,6.000000,5.000000,0.000000,0.000000,0.000000,0.000000,0.000000,0.000000,0.000000,0.000000,0.000000,0.000000,0.000000,64.750000,554.750000,490.000000,0.116719,0.000000
Books,0.000000,0.000000,0.000000,0.000000,0.000000,0.000000,0.000000,0.000000,0.000000,0.000000,0.000000,36.000000,0.000000,0.000000,0.000000,0.000000,0.000000,0.000000,0.000000,0.000000,0.000000,0.000000,0.000000,18.000000,0.000000,0.000000,0.000000,0.000000,0.000000,0.000000,0.000000,0.000000,0.000000,0.000000,0.000000,0.000000,0.000000,0.000000,0.000000,0.000000,0.000000,0.000000,0.000000,0.000000,54.000000,540.000000,486.000000,0.100000,0.000000
Aquaponic vegetables,0.000000,0.000000,0.000000,0.000000,0.000000,0.000000,0.000000,0.000000,0.000000,0.000000,0.000000,0.000000,0.000000,0.000000,0.000000,0.000000,0.000000,0.000000,0.000000,0.000000,0.000000,0.000000,0.000000,13.500000,97.750000,0.000000,0.000000,0.000000,0.000000,0.000000,1.000000,0.000000,0.000000,0.000000,0.000000,0.000000,0.000000,0.000000,0.000000,0.000000,0.000000,0.000000,0.000000,0.000000,112.250000,532.250000,420.000000,0.210897,0.000000
pickles,0.000000,0.000000,0.000000,0.000000,0.000000,0.000000,0.000000,0.000000,0.000000,0.000000,0.000000,0.000000,0.000000,0.000000,0.000000,0.000000,0.000000,0.000000,0.000000,0.000000,0.000000,0.000000,0.000000,0.000000,0.000000,0.000000,0.000000,0.000000,0.000000,0.000000,0.000000,0.000000,0.000000,0.000000,0.000000,0.000000,0.000000,40.000000,0.000000,0.000000,55.250000,25.250000,10.500000,0.000000,131.000000,476.000000,345.000000,0.275210,0.000000
Tea,0.000000,0.000000,0.000000,0.000000,0.000000,0.000000,0.000000,0.000000,4.500000,0.000000,4.500000,9.000000,13.500000,0.000000,4.500000,0.000000,4.500000,9.500000,0.000000,0.000000,0.000000,4.500000,0.000000,0.000000,9.000000,0.000000,0.000000,5.600000,0.000000,0.000000,7.000000,7.000000,0.000000,0.000000,0.000000,0.000000,0.000000,0.000000,0.000000,0.000000,0.000000,0.000000,0.000000,0.000000,83.100000,458.500000,375.400000,0.181243,0.000000
Australian beef,0.000000,0.000000,0.000000,0.000000,0.000000,0.000000,0.000000,0.000000,110.000000,0.000000,0.000000,0.000000,96.500000,16.000000,0.000000,0.000000,0.000000,0.000000,0.000000,0.000000,0.000000,0.000000,0.000000,0.000000,0.000000,0.000000,0.000000,0.000000,0.000000,0.000000,0.000000,0.000000,0.000000,0.000000,0.000000,0.000000,0.000000,0.000000,0.000000,0.000000,0.000000,0.000000,0.000000,0.000000,222.500000,436.000000,213.500000,0.510321,0.000000
organic dried fruits,0.000000,0.000000,0.000000,0.000000,0.000000,0.000000,0.000000,0.000000,0.000000,0.000000,0.000000,0.000000,0.000000,0.000000,0.000000,0.000000,0.000000,0.000000,0.000000,0.000000,0.000000,0.000000,0.000000,0.000000,0.000000,0.000000,0.000000,0.000000,0.000000,0.000000,0.000000,0.000000,0.000000,0.000000,0.000000,0.000000,0.000000,24.000000,0.000000,0.000000,0.000000,0.000000,12.000000,60.000000,96.000000,336.000000,240.000000,0.285714,0.000000
No Type,65.000000,0.000000,0.000000,0.000000,0.000000,0.000000,0.000000,0.000000,0.000000,0.000000,0.000000,0.000000,0.000000,0.000000,0.000000,0.000000,64.750000,0.000000,0.000000,0.000000,0.000000,0.000000,0.000000,0.000000,0.000000,0.000000,0.000000,0.000000,0.000000,0.000000,0.000000,0.000000,0.000000,0.000000,0.000000,0.000000,0.000000,0.000000,0.000000,0.000000,0.000000,0.000000,0.000000,0.000000,129.750000,314.750000,185.000000,0.412232,0.000000
Herb,0.000000,0.000000,0.000000,0.000000,0.000000,0.000000,0.000000,0.000000,0.000000,0.000000,0.000000,0.000000,0.000000,0.000000,0.000000,0.000000,0.000000,0.000000,0.000000,0.000000,0.000000,0.000000,0.000000,0.000000,0.000000,0.000000,0.000000,0.000000,0.000000,0.000000,0.000000,0.000000,0.000000,0.000000,0.000000,0.000000,10.000000,22.000000,2.000000,5.000000,2.000000,4.000000,120.893324,0.000000,165.893324,301.643324,135.750000,0.549965,0.000000
Fresh fruits and vegetables,0.000000,0.000000,0.000000,0.000000,0.000000,0.000000,0.000000,0.000000,0.000000,0.000000,0.000000,0.000000,0.000000,0.000000,0.000000,0.000000,0.000000,0.000000,0.000000,0.000000,0.000000,0.000000,0.000000,0.000000,0.000000,0.000000,0.000000,0.000000,0.000000,0.000000,0.000000,0.000000,0.000000,0.000000,0.000000,275.000000,0.000000,0.000000,0.000000,0.000000,0.000000,0.000000,0.000000,0.000000,275.000000,275.000000,0.000000,1.000000,0.000000
Grains,61.610000,0.000000,0.000000,0.000000,0.000000,0.000000,0.000000,0.000000,0.000000,0.000000,0.000000,0.000000,0.000000,0.000000,0.000000,0.000000,0.000000,0.000000,0.000000,0.000000,0.000000,0.000000,0.000000,0.000000,0.000000,0.000000,0.000000,0.000000,0.000000,0.000000,0.000000,0.000000,0.000000,0.000000,0.000000,0.000000,0.000000,0.000000,0.000000,0.000000,0.000000,0.000000,0.000000,0.000000,61.610000,266.960000,205.350000,0.230784,0.000000
Jams and Spreads,0.000000,0.000000,0.000000,0.000000,0.000000,0.000000,0.000000,0.000000,55.000000,35.000000,10.000000,0.000000,25.000000,15.000000,0.000000,0.000000,0.000000,0.000000,0.000000,0.000000,0.000000,0.000000,0.000000,0.000000,0.000000,0.000000,0.000000,0.000000,0.000000,0.000000,0.000000,0.000000,0.000000,0.000000,0.000000,0.000000,0.000000,0.000000,0.000000,0.000000,0.000000,0.000000,0.000000,0.000000,140.000000,250.000000,110.000000,0.560000,0.000000
Soda,0.000000,0.000000,0.000000,0.000000,0.000000,0.000000,0.000000,0.000000,0.000000,0.000000,0.000000,0.000000,0.000000,0.000000,0.000000,0.000000,0.000000,0.000000,0.000000,0.000000,0.000000,0.000000,0.000000,2.830000,11.320000,7.970000,0.000000,12.000000,16.000000,0.000000,0.000000,14.600000,0.000000,0.000000,0.000000,0.000000,0.000000,0.000000,0.000000,0.000000,0.000000,0.000000,0.000000,0.000000,64.720000,248.100000,183.380000,0.260863,0.000000
cosmetics,59.910000,0.000000,15.000000,0.000000,0.000000,0.000000,0.000000,0.000000,0.000000,0.000000,0.000000,0.000000,0.000000,0.000000,0.000000,0.000000,0.000000,0.000000,0.000000,0.000000,0.000000,0.000000,0.000000,0.000000,0.000000,0.000000,0.000000,0.000000,0.000000,0.000000,0.000000,0.000000,0.000000,0.000000,0.000000,0.000000,0.000000,0.000000,0.000000,0.000000,0.000000,0.000000,0.000000,0.000000,74.910000,187.290000,112.380000,0.399968,0.000000
Vegetable,0.000000,0.000000,0.000000,0.000000,0.000000,0.000000,0.000000,0.000000,0.000000,0.000000,0.000000,0.000000,0.000000,0.000000,0.000000,0.000000,0.000000,0.000000,0.000000,0.000000,0.000000,0.000000,0.000000,0.000000,0.000000,0.000000,0.000000,0.000000,0.000000,0.000000,0.000000,0.000000,0.000000,0.000000,0.000000,0.000000,0.000000,0.000000,0.000000,0.000000,0.000000,0.000000,66.465766,4.100000,70.565766,154.265766,83.700000,0.457430,0.000000
Healthy & Supper food juices,0.000000,0.000000,0.000000,0.000000,0.000000,0.000000,0.000000,0.000000,0.000000,0.000000,0.000000,0.000000,0.000000,0.000000,0.000000,0.000000,0.000000,0.000000,0.000000,0.000000,0.000000,0.000000,16.500000,8.250000,0.000000,0.000000,0.000000,0.000000,0.000000,0.000000,0.000000,0.000000,0.000000,0.000000,0.000000,0.000000,0.000000,0.000000,0.000000,0.000000,0.000000,0.000000,0.000000,0.000000,24.750000,123.750000,99.000000,0.200000,0.000000
Rice & Pasta,24.900000,0.000000,0.000000,0.000000,0.000000,0.000000,0.000000,0.000000,0.000000,0.000000,0.000000,0.000000,0.000000,0.000000,0.000000,0.000000,0.000000,0.000000,0.000000,0.000000,0.000000,0.000000,0.000000,0.000000,0.000000,0.000000,0.000000,0.000000,0.000000,0.000000,0.000000,0.000000,0.000000,0.000000,0.000000,0.000000,0.000000,0.000000,0.000000,0.000000,0.000000,0.000000,0.000000,0.000000,24.900000,107.900000,83.000000,0.230769,0.000000
Oils,24.660000,0.000000,0.000000,0.000000,0.000000,0.000000,0.000000,0.000000,0.000000,0.000000,0.000000,0.000000,0.000000,0.000000,0.000000,0.000000,0.000000,0.000000,0.000000,0.000000,0.000000,0.000000,0.000000,0.000000,0.000000,0.000000,0.000000,0.000000,0.000000,0.000000,0.000000,0.000000,0.000000,0.000000,0.000000,0.000000,0.000000,0.000000,0.000000,0.000000,0.000000,0.000000,0.000000,0.000000,24.660000,102.060000,77.400000,0.241623,0.000000
Teas & Herbs,15.400000,0.000000,0.000000,0.000000,0.000000,0.000000,0.000000,0.000000,0.000000,0.000000,0.000000,0.000000,0.000000,0.000000,0.000000,0.000000,0.000000,0.000000,0.000000,0.000000,0.000000,0.000000,0.000000,0.000000,0.000000,0.000000,0.000000,0.000000,0.000000,0.000000,0.000000,0.000000,0.000000,0.000000,0.000000,0.000000,0.000000,0.000000,0.000000,0.000000,0.000000,0.000000,0.000000,0.000000,15.400000,66.700000,51.300000,0.230885,0.000000
Cereals & Snacks,12.600000,0.000000,0.000000,0.000000,0.000000,0.000000,0.000000,0.000000,0.000000,0.000000,0.000000,0.000000,0.000000,0.000000,0.000000,0.000000,0.000000,0.000000,0.000000,0.000000,0.000000,0.000000,0.000000,0.000000,0.000000,0.000000,0.000000,0.000000,0.000000,0.000000,0.000000,0.000000,0.000000,0.000000,0.000000,0.000000,0.000000,0.000000,0.000000,0.000000,0.000000,0.000000,0.000000,0.000000,12.600000,54.600000,42.000000,0.230769,0.000000
milk,12.020000,0.000000,0.000000,0.000000,0.000000,0.000000,0.000000,0.000000,0.000000,0.000000,0.000000,0.000000,0.000000,0.000000,0.000000,0.000000,0.000000,0.000000,0.000000,0.000000,0.000000,0.000000,0.000000,0.000000,0.000000,0.000000,0.000000,0.000000,0.000000,0.000000,0.000000,0.000000,0.000000,0.000000,0.000000,0.000000,0.000000,0.000000,0.000000,0.000000,0.000000,0.000000,0.000000,0.000000,12.020000,52.020000,40.000000,0.231065,0.000000
Herbs and spices,0.000000,0.000000,0.000000,0.000000,0.000000,0.000000,0.000000,0.000000,0.000000,0.000000,0.000000,0.000000,0.000000,0.000000,0.000000,0.000000,0.000000,0.000000,0.000000,0.000000,0.000000,0.000000,0.000000,0.000000,0.000000,0.000000,0.000000,0.000000,0.000000,0.000000,0.000000,0.000000,0.000000,0.000000,0.000000,0.000000,0.000000,0.000000,0.000000,11.000000,0.000000,0.000000,6.000000,1.647297,18.647297,51.647297,33.000000,0.361051,0.000000
Oil & Vinegar,0.000000,0.000000,0.000000,0.000000,0.000000,0.000000,0.000000,0.000000,0.000000,0.000000,0.000000,0.000000,0.000000,0.000000,0.000000,0.000000,0.000000,0.000000,0.000000,0.000000,0.000000,0.000000,0.000000,10.250000,0.000000,0.000000,0.000000,0.000000,0.000000,0.000000,0.000000,0.000000,0.000000,0.000000,0.000000,0.000000,0.000000,0.000000,0.000000,0.000000,0.000000,0.000000,0.000000,0.000000,10.250000,51.500000,41.250000,0.199029,0.000000
whole grain,0.000000,0.000000,13.200000,0.000000,0.000000,0.000000,0.000000,0.000000,0.000000,0.000000,0.000000,0.000000,0.000000,0.000000,0.000000,0.000000,0.000000,0.000000,0.000000,0.000000,0.000000,0.000000,0.000000,0.000000,0.000000,0.000000,0.000000,0.000000,0.000000,0.000000,0.000000,0.000000,0.000000,0.000000,0.000000,0.000000,0.000000,0.000000,0.000000,0.000000,0.000000,0.000000,0.000000,0.000000,13.200000,51.000000,37.800000,0.258824,0.000000
Dried fruits,0.000000,0.000000,0.000000,0.000000,0.000000,0.000000,0.000000,0.000000,0.000000,0.000000,0.000000,0.000000,0.000000,0.000000,0.000000,0.000000,0.000000,0.000000,0.000000,0.000000,0.000000,0.000000,10.000000,0.000000,0.000000,0.000000,0.000000,0.000000,0.000000,0.000000,0.000000,0.000000,0.000000,0.000000,0.000000,0.000000,0.000000,0.000000,0.000000,0.000000,0.000000,0.000000,0.000000,0.000000,10.000000,50.000000,40.000000,0.200000,0.000000
Beverages,21.600000,0.000000,0.000000,0.000000,0.000000,0.000000,0.000000,0.000000,0.000000,0.000000,0.000000,0.000000,0.000000,0.000000,0.000000,0.000000,0.000000,0.000000,0.000000,0.000000,0.000000,0.000000,0.000000,0.000000,0.000000,0.000000,0.000000,0.000000,0.000000,0.000000,0.000000,0.000000,0.000000,0.000000,0.000000,0.000000,0.000000,0.000000,0.000000,0.000000,0.000000,0.000000,0.000000,0.000000,21.600000,48.600000,27.000000,0.444444,0.000000
Organic herbs,0.000000,0.000000,0.000000,0.000000,0.000000,0.000000,0.000000,0.000000,0.000000,0.000000,0.000000,0.000000,0.000000,0.000000,0.000000,0.000000,0.000000,0.000000,0.000000,0.000000,0.000000,0.000000,0.000000,5.000000,2.500000,0.000000,0.000000,0.000000,0.000000,0.000000,0.000000,0.000000,0.000000,0.000000,0.000000,0.000000,0.000000,0.000000,0.000000,0.000000,0.000000,0.000000,0.000000,0.000000,7.500000,37.500000,30.000000,0.200000,0.000000
Bread&Bakry,0.000000,0.000000,0.000000,0.000000,0.000000,0.000000,0.000000,0.000000,0.000000,0.000000,0.000000,0.000000,0.000000,0.000000,0.000000,0.000000,34.500000,0.000000,0.000000,0.000000,0.000000,0.000000,0.000000,0.000000,0.000000,0.000000,0.000000,0.000000,0.000000,0.000000,0.000000,0.000000,0.000000,0.000000,0.000000,0.000000,0.000000,0.000000,0.000000,0.000000,0.000000,0.000000,0.000000,0.000000,34.500000,34.500000,0.000000,1.000000,0.000000
Fruits & Vegetables,6.000000,0.000000,0.000000,0.000000,0.000000,0.000000,0.000000,0.000000,0.000000,0.000000,0.000000,0.000000,0.000000,0.000000,0.000000,0.000000,0.000000,0.000000,0.000000,0.000000,0.000000,0.000000,0.000000,0.000000,0.000000,0.000000,0.000000,0.000000,0.000000,0.000000,0.000000,0.000000,0.000000,0.000000,0.000000,0.000000,0.000000,0.000000,0.000000,0.000000,0.000000,0.000000,0.000000,0.000000,6.000000,26.000000,20.000000,0.230769,0.000000
Food Supplements,5.100000,0.000000,0.000000,0.000000,0.000000,0.000000,0.000000,0.000000,0.000000,0.000000,0.000000,0.000000,0.000000,0.000000,0.000000,0.000000,0.000000,0.000000,0.000000,0.000000,0.000000,0.000000,0.000000,0.000000,0.000000,0.000000,0.000000,0.000000,0.000000,0.000000,0.000000,0.000000,0.000000,0.000000,0.000000,0.000000,0.000000,0.000000,0.000000,0.000000,0.000000,0.000000,0.000000,0.000000,5.100000,22.100000,17.000000,0.230769,0.000000

Gross Profit,958.330000,273.125000,7923.824000,2767.360030,4139.710080,5134.900020,7493.149990,2699.260000,10349.050000,9484.480000,9711.090000,7136.480000,8872.140000,8268.460000,4886.700000,2495.870000,10052.434420,6932.660000,9678.540000,6979.630000,6766.740000,5154.020000,7011.620000,7898.990000,12941.740000,11282.980000,11439.330000,15996.475000,20648.782500,26262.030000,27337.490000,26267.530000,6190.830000,0.000000,0.000000,8811.110000,77583.275000,40563.744800,17677.161000,32527.510000,37611.365000,45298.850000,54230.940000,35231.590000
Revenue,4693.535000,1595.625000,28398.750000,10560.950000,16641.540000,21394.600020,30732.509990,10578.470000,38287.140000,36890.100000,41131.260000,31963.410000,38493.980000,34543.570000,20186.940000,10399.950000,41651.331920,30036.290000,31093.140000,23292.820000,27136.350000,20499.490000,26502.720000,33688.520000,51920.640000,54413.890000,47055.190000,64843.335000,87836.552500,90774.890000,101295.820000,89081.370000,23443.240000,0.000000,0.000000,10695.230000,254543.675000,138006.314800,67975.671000,108992.550000,133722.645000,149446.600000,187747.050000,126114.640000
Cost of Goods,3735.205000,1322.500000,20474.926000,7793.589970,12501.829920,16259.700000,23239.360000,7879.210000,27938.090000,27405.620000,31420.170000,24826.930000,29621.840000,26275.110000,15300.240000,7904.080000,31598.897500,23103.630000,21414.600000,16313.190000,20369.610000,15345.470000,19491.100000,25789.530000,38978.900000,43130.910000,35615.860000,48846.860000,67187.770000,64512.860000,73958.330000,62813.840000,17252.410000,0.000000,0.000000,1884.120000,176960.400000,97442.570000,50298.510000,76465.040000,96111.280000,104147.750000,133516.110000,90883.050000
Margin,0.204181,0.171171,0.279020,0.262037,0.248758,0.240009,0.243818,0.255165,0.270301,0.257101,0.236100,0.223270,0.230481,0.239363,0.242072,0.239989,0.241347,0.230809,0.311276,0.299647,0.249361,0.251422,0.264562,0.234471,0.249260,0.207355,0.243105,0.246694,0.235082,0.289309,0.269878,0.294871,0.264077,0.000000,0.000000,0.823835,0.304794,0.293927,0.260051,0.298438,0.281264,0.303111,0.288851,0.279362
Tax,0.000000,0.000000,0.000000,0.000000,0.000000,0.000000,0.000000,0.000000,0.000000,0.000000,0.000000,0.000000,0.000000,0.000000,0.000000,0.000000,0.000000,0.000000,0.000000,0.000000,0.000000,0.000000,0.000000,0.000000,0.000000,0.000000,0.000000,0.000000,0.000000,0.000000,0.000000,0.000000,0.000000,0.000000,0.000000,0.000000,0.000000,0.000000,0.000000,0.000000,0.000000,0.000000,0.000000,0.000000
