Product,SKU,Supplier Code,Brand,Supplier,Type,Tag,May 2012,Jun 2012,Jul 2012,Aug 2012,Sep 2012,Oct 2012,Nov 2012,Dec 2012,Jan 2013,Feb 2013,Mar 2013,Apr 2013,May 2013,Jun 2013,Jul 2013,Aug 2013,Sep 2013,Oct 2013,Nov 2013,Dec 2013,Jan 2014,Feb 2014,Mar 2014,Apr 2014,May 2014,Jun 2014,Jul 2014,Aug 2014,Sep 2014,Oct 2014,Nov 2014,Dec 2014,Jan 2015,Feb 2015,Mar 2015,Apr 2015,May 2015,Jun 2015,Jul 2015,Aug 2015,Sep 2015,Oct 2015,Nov 2015,Dec 2015,Jan 2016,Revenue,Cost of Goods,Gross Profit,Margin,Tax
Quinoa ( white ) - organic / 454g,106900,,"Eden Foods, Inc.",Hv,Grains,,0.000000,0.000000,0.000000,0.000000,0.000000,0.000000,0.000000,155.700000,882.300000,1349.400000,1141.800000,934.200000,830.400000,0.000000,0.000000,0.000000,3626.760000,2194.500000,4504.500000,808.500000,984.000000,82.000000,3055.000000,2864.000000,4707.000000,1230.000000,2682.000000,2542.000000,10107.800000,5847.000000,5840.700000,5103.400000,828.000000,0.000000,0.000000,0.000000,0.000000,0.000000,0.000000,0.000000,0.000000,0.000000,0.000000,0.000000,0.000000,62300.960000,51333.740000,10967.220000,0.176036,0.000000
Chicken Breasts / 1kg,ChickenBreasts,,NGS,Shahd,Fresh poultry,,0.000000,0.000000,0.000000,0.000000,0.000000,0.000000,0.000000,426.240000,1231.360000,1847.040000,2604.800000,1515.520000,2225.920000,2131.200000,947.200000,1562.880000,1894.400000,1657.600000,1799.680000,1326.080000,1562.880000,1515.520000,1704.960000,2135.680000,1728.000000,3648.000000,2856.000000,4200.000000,4760.000000,4368.000000,4760.000000,3528.000000,1400.000000,0.000000,0.000000,0.000000,0.000000,0.000000,0.000000,0.000000,0.000000,0.000000,0.000000,0.000000,0.000000,59336.960000,45182.000000,14154.960000,0.238552,0.000000
Chicken breast - Hormone free (frozen),80001,,NGS,Shahd,Poultry,Frozen,0.000000,0.000000,0.000000,0.000000,0.000000,0.000000,0.000000,0.000000,0.000000,0.000000,0.000000,0.000000,0.000000,0.000000,0.000000,0.000000,0.000000,0.000000,0.000000,0.000000,0.000000,0.000000,0.000000,0.000000,0.000000,0.000000,0.000000,0.000000,0.000000,0.000000,0.000000,0.000000,0.000000,0.000000,0.000000,56.000000,10976.000000,3862.427350,1789.000000,4686.945289,5240.381685,7792.745465,7566.317151,8604.319987,2814.000000,53388.136928,37868.640000,15519.496928,0.290692,0.000000
Coconut oil (organic),101001,,,Divine coconut,Oil,"Super food, Weight loss, Oil",0.000000,0.000000,0.000000,0.000000,0.000000,0.000000,0.000000,0.000000,0.000000,0.000000,0.000000,0.000000,0.000000,0.000000,0.000000,0.000000,0.000000,0.000000,0.000000,0.000000,0.000000,0.000000,0.000000,0.000000,0.000000,0.000000,0.000000,0.000000,0.000000,0.000000,0.000000,0.000000,0.000000,0.000000,0.000000,592.000000,9916.000000,2560.400000,2205.505155,4417.800000,3537.665409,4277.338577,8850.907080,5173.163715,2812.000000,44342.779935,34056.000000,10286.779935,0.231983,0.000000
Whole Chicken / 1kg,WholeChicken,,NGS,Shahd,Fresh poultry,,0.000000,0.000000,0.000000,0.000000,0.000000,0.000000,0.000000,149.500000,1345.500000,2152.800000,1046.500000,1554.800000,2362.100000,1046.500000,1435.200000,568.100000,2780.700000,1046.500000,1704.300000,2481.700000,1913.600000,1823.900000,1196.000000,1435.200000,1239.600000,1920.000000,1260.000000,1800.000000,2016.000000,2160.000000,1932.000000,1890.000000,420.000000,0.000000,0.000000,0.000000,0.000000,0.000000,0.000000,0.000000,0.000000,0.000000,0.000000,0.000000,0.000000,40680.500000,31340.300000,9340.200000,0.229599,0.000000
Whole chicken - Hormone free (frozen),80005,,NGS,Shahd,Poultry,Frozen,0.000000,0.000000,0.000000,0.000000,0.000000,0.000000,0.000000,0.000000,0.000000,0.000000,0.000000,0.000000,0.000000,0.000000,0.000000,0.000000,0.000000,0.000000,0.000000,0.000000,0.000000,0.000000,0.000000,0.000000,0.000000,0.000000,0.000000,0.000000,0.000000,0.000000,0.000000,0.000000,0.000000,0.000000,0.000000,0.000000,6132.000000,2977.500000,1260.000000,1620.000000,1980.000000,4080.421348,2629.084098,3311.365614,2610.000000,26600.371060,17750.790000,8849.581060,0.332686,0.000000
Beef mince - no fat (chemical free) - frozen,151006,,NGS,El rancho,Beef,"Frozen, Chemical free, Beef",0.000000,0.000000,0.000000,0.000000,0.000000,0.000000,0.000000,0.000000,0.000000,0.000000,0.000000,0.000000,0.000000,0.000000,0.000000,0.000000,0.000000,0.000000,0.000000,0.000000,0.000000,0.000000,0.000000,0.000000,0.000000,0.000000,0.000000,0.000000,0.000000,0.000000,0.000000,0.000000,0.000000,0.000000,0.000000,0.000000,5684.000000,3491.400000,2589.730653,3038.000000,1550.000000,973.594969,2503.863746,3109.158377,1280.000000,24219.747745,17167.280000,7052.467745,0.291187,0.000000
Beef fillet (chemical free) - frozen,151003,,NGS,El rancho,Beef,"Frozen, Chemical free, Beef",0.000000,0.000000,0.000000,0.000000,0.000000,0.000000,0.000000,0.000000,0.000000,0.000000,0.000000,0.000000,0.000000,0.000000,0.000000,0.000000,0.000000,0.000000,0.000000,0.000000,0.000000,0.000000,0.000000,0.000000,0.000000,0.000000,0.000000,0.000000,0.000000,0.000000,0.000000,0.000000,0.000000,0.000000,0.000000,178.800000,2342.600000,1587.600000,2916.361809,1640.310680,1862.000000,2833.115336,1625.576253,4138.408042,4508.000000,23632.772120,17501.350000,6131.422120,0.259446,0.000000
Salmon steak (frozen),451001,,,Red Coral,Sea Food,Frozen,0.000000,0.000000,0.000000,0.000000,0.000000,0.000000,0.000000,0.000000,0.000000,0.000000,0.000000,0.000000,0.000000,0.000000,0.000000,0.000000,0.000000,0.000000,0.000000,0.000000,0.000000,0.000000,0.000000,0.000000,0.000000,0.000000,0.000000,0.000000,0.000000,0.000000,0.000000,0.000000,0.000000,0.000000,0.000000,0.000000,3038.000000,1556.200000,1364.000000,1588.043537,2963.600000,2759.000000,3388.875700,3593.018221,2480.000000,22730.737459,15000.000000,7730.737459,0.340101,0.000000
Cairo above 150 L.E orders,Cairoabove150LEorders,,Freight,Freight,General,,0.000000,0.000000,0.000000,0.000000,0.000000,0.000000,0.000000,0.000000,0.000000,0.000000,0.000000,0.000000,0.000000,0.000000,0.000000,0.000000,0.000000,0.000000,0.000000,0.000000,0.000000,0.000000,0.000000,0.000000,0.000000,0.000000,0.000000,0.000000,0.000000,0.000000,0.000000,0.000000,0.000000,0.000000,0.000000,185.000000,4660.000000,2082.624782,980.424870,2020.670198,1848.049762,2586.345982,2981.765426,2168.016538,1417.235660,20930.133219,0.000000,20930.133219,1.000000,0.000000
Inside Cairo delivery fee,InsideCairodeliveryfee,,Freight,Freight,Delivery,,0.000000,0.000000,0.000000,0.000000,0.000000,0.000000,0.000000,280.000000,990.000000,1140.000000,1240.000000,1110.000000,1250.000000,1270.000000,650.000000,410.000000,1139.000000,820.000000,800.000000,708.761412,730.000000,640.000000,720.000000,900.000000,1360.000000,1570.000000,480.000000,0.000000,0.000000,0.000000,0.000000,0.000000,0.000000,0.000000,0.000000,0.000000,0.000000,0.000000,0.000000,0.000000,0.000000,0.000000,0.000000,0.000000,0.000000,18207.761412,2200.000000,16007.761412,0.879172,0.000000
Balady Whole Chicken(chemical free) / Default,501005,,,Tabiey,Poultry,"Frozen, Chemical free",0.000000,0.000000,0.000000,0.000000,0.000000,0.000000,0.000000,0.000000,0.000000,0.000000,0.000000,0.000000,0.000000,0.000000,0.000000,0.000000,0.000000,0.000000,0.000000,0.000000,0.000000,0.000000,0.000000,0.000000,0.000000,0.000000,0.000000,0.000000,0.000000,0.000000,0.000000,0.000000,0.000000,0.000000,0.000000,0.000000,1850.000000,-50.000000,850.000000,2100.000000,2740.943396,2200.000000,1880.229340,2727.328391,3300.000000,17598.501127,14223.360000,3375.141127,0.191786,0.000000
Maple syrup (organic),281102,,,Hv,Sweeteners,"Organic, Sweeteners",0.000000,0.000000,0.000000,0.000000,0.000000,0.000000,0.000000,0.000000,0.000000,0.000000,0.000000,0.000000,0.000000,0.000000,0.000000,0.000000,0.000000,0.000000,0.000000,0.000000,0.000000,0.000000,0.000000,0.000000,0.000000,0.000000,0.000000,0.000000,0.000000,0.000000,0.000000,0.000000,0.000000,0.000000,0.000000,96.000000,4416.000000,1896.500474,278.597938,1536.000000,1056.000000,1905.600000,1769.074793,1045.000000,950.000000,14948.773205,11385.750000,3563.023205,0.238349,0.000000
Cairo,Cairo,,Freight,Freight,General,,0.000000,0.000000,0.000000,0.000000,0.000000,0.000000,0.000000,0.000000,0.000000,0.000000,0.000000,0.000000,0.000000,0.000000,0.000000,0.000000,0.000000,0.000000,0.000000,0.000000,0.000000,0.000000,0.000000,0.000000,0.000000,0.000000,0.000000,0.000000,0.000000,0.000000,0.000000,0.000000,0.000000,0.000000,0.000000,90.000000,2445.000000,1050.000000,705.000000,987.374904,1698.236995,1903.656250,2165.138042,2073.087930,1063.718447,14181.212568,0.000000,14181.212568,1.000000,0.000000
Beef cubes (chemical free) - frozen,151001,,NGS,El rancho,Beef,"Frozen, Chemical free, Beef",0.000000,0.000000,0.000000,0.000000,0.000000,0.000000,0.000000,0.000000,0.000000,0.000000,0.000000,0.000000,0.000000,0.000000,0.000000,0.000000,0.000000,0.000000,0.000000,0.000000,0.000000,0.000000,0.000000,0.000000,0.000000,0.000000,0.000000,0.000000,0.000000,0.000000,0.000000,0.000000,0.000000,0.000000,0.000000,0.000000,2494.000000,2790.000000,429.175097,682.000000,1736.000000,868.000000,1642.134626,2606.768114,832.000000,14080.077837,10209.030000,3871.047837,0.274931,0.000000
Avocados (imported),20002,,NGS,Agrovate,Fruits,Fresh,0.000000,0.000000,0.000000,0.000000,0.000000,0.000000,0.000000,0.000000,0.000000,0.000000,0.000000,0.000000,0.000000,0.000000,0.000000,0.000000,0.000000,0.000000,0.000000,0.000000,0.000000,0.000000,0.000000,0.000000,0.000000,0.000000,0.000000,0.000000,0.000000,0.000000,0.000000,0.000000,0.000000,0.000000,0.000000,0.000000,2640.000000,990.000000,320.000000,1153.000000,1972.000000,1713.832082,1748.572824,1747.822287,982.600000,13267.827193,9295.700000,3972.127193,0.299380,0.000000
Balady eggs (organic),461002,,,Sara nour,Eggs,"Organic, Eggs",0.000000,0.000000,0.000000,0.000000,0.000000,0.000000,0.000000,0.000000,0.000000,0.000000,0.000000,0.000000,0.000000,0.000000,0.000000,0.000000,0.000000,0.000000,0.000000,0.000000,0.000000,0.000000,0.000000,0.000000,0.000000,0.000000,0.000000,0.000000,0.000000,0.000000,0.000000,0.000000,0.000000,0.000000,0.000000,44.000000,2024.000000,1658.000000,648.000000,1272.000000,1296.000000,1776.000000,2019.300135,1393.884953,691.200000,12822.385088,9590.000000,3232.385088,0.252089,0.000000
Avocado,Avocado,,Kheir Misr,Rafic,Fresh fruits,,0.000000,0.000000,0.000000,0.000000,0.000000,0.000000,0.000000,346.500000,885.500000,808.500000,1155.000000,654.500000,1273.660000,1073.280000,336.710000,519.720000,996.130000,563.030000,822.890000,341.115673,389.790000,308.240000,405.000000,630.000000,540.000000,0.000000,0.000000,0.000000,0.000000,0.000000,0.000000,0.000000,0.000000,0.000000,0.000000,0.000000,0.000000,0.000000,0.000000,0.000000,0.000000,0.000000,0.000000,0.000000,0.000000,12049.565673,10095.110000,1954.455673,0.162201,0.000000
Coconut oil,281015,,,Hv,Oil,"Super food, Weight loss, Oil",0.000000,0.000000,0.000000,0.000000,0.000000,0.000000,0.000000,0.000000,0.000000,0.000000,0.000000,0.000000,0.000000,0.000000,0.000000,0.000000,0.000000,0.000000,0.000000,0.000000,0.000000,0.000000,0.000000,0.000000,0.000000,0.000000,0.000000,0.000000,0.000000,0.000000,0.000000,0.000000,0.000000,0.000000,0.000000,0.000000,472.000000,1080.000000,300.000000,1500.000000,1000.000000,2870.642334,2090.337838,1390.140647,1000.000000,11703.120819,8843.000000,2860.120819,0.244390,0.000000
Beef escalope (chemical free) - frozen,151002,,NGS,El rancho,Beef,"Frozen, Chemical free, Beef",0.000000,0.000000,0.000000,0.000000,0.000000,0.000000,0.000000,0.000000,0.000000,0.000000,0.000000,0.000000,0.000000,0.000000,0.000000,0.000000,0.000000,0.000000,0.000000,0.000000,0.000000,0.000000,0.000000,0.000000,0.000000,0.000000,0.000000,0.000000,0.000000,0.000000,0.000000,0.000000,0.000000,0.000000,0.000000,0.000000,2436.000000,1530.800000,434.000000,0.000000,558.000000,2418.579090,848.552700,1941.017237,1062.400000,11229.349028,8382.990000,2846.359028,0.253475,0.000000
Beef mince (chemical free) - frozen,151007,,NGS,El rancho,Beef,"Frozen, Chemical free, Beef",0.000000,0.000000,0.000000,0.000000,0.000000,0.000000,0.000000,0.000000,0.000000,0.000000,0.000000,0.000000,0.000000,0.000000,0.000000,0.000000,0.000000,0.000000,0.000000,0.000000,0.000000,0.000000,0.000000,0.000000,0.000000,0.000000,0.000000,0.000000,0.000000,0.000000,0.000000,0.000000,0.000000,0.000000,0.000000,0.000000,220.000000,1320.000000,55.000000,1155.000000,1870.000000,1521.110656,1629.712303,2188.810345,385.000000,10344.633303,7362.700000,2981.933303,0.288259,0.000000
Unsweetened almond milk,281046,,,Hv,Non-dairy milk,,0.000000,0.000000,0.000000,0.000000,0.000000,0.000000,0.000000,0.000000,0.000000,0.000000,0.000000,0.000000,0.000000,0.000000,0.000000,0.000000,0.000000,0.000000,0.000000,0.000000,0.000000,0.000000,0.000000,0.000000,0.000000,0.000000,0.000000,0.000000,0.000000,0.000000,0.000000,0.000000,0.000000,0.000000,0.000000,35.000000,3675.000000,3450.000000,831.250000,1289.750000,910.000000,0.000000,0.000000,0.000000,0.000000,10191.000000,7829.500000,2361.500000,0.231724,0.000000
Apple cider vinegar ( organic ),281052,,,Hv,Vinegar,Vinegar,0.000000,0.000000,0.000000,0.000000,0.000000,0.000000,0.000000,0.000000,0.000000,0.000000,0.000000,0.000000,0.000000,0.000000,0.000000,0.000000,0.000000,0.000000,0.000000,0.000000,0.000000,0.000000,0.000000,0.000000,0.000000,0.000000,0.000000,0.000000,0.000000,0.000000,0.000000,0.000000,0.000000,0.000000,0.000000,0.000000,1890.000000,560.000000,486.527580,1190.000000,980.000000,1347.961265,1271.987761,1664.188432,440.000000,9830.665038,7162.620000,2668.045038,0.271400,0.000000
Raw honey (organic),461040,,,Sara nour,Honey,"Organic, honey",0.000000,0.000000,0.000000,0.000000,0.000000,0.000000,0.000000,0.000000,0.000000,0.000000,0.000000,0.000000,0.000000,0.000000,0.000000,0.000000,0.000000,0.000000,0.000000,0.000000,0.000000,0.000000,0.000000,0.000000,0.000000,0.000000,0.000000,0.000000,0.000000,0.000000,0.000000,0.000000,0.000000,0.000000,0.000000,0.000000,0.000000,277.100000,384.000000,960.000000,1248.000000,1147.200000,2895.904781,1810.235445,1104.000000,9826.440226,7245.000000,2581.440226,0.262703,0.000000
Avocadoes ( imported ),ImportedAvocadoes,,NGS,Agrovate,Fresh fruits,,0.000000,0.000000,0.000000,0.000000,0.000000,0.000000,0.000000,0.000000,0.000000,0.000000,0.000000,0.000000,0.000000,0.000000,0.000000,0.000000,0.000000,0.000000,0.000000,0.000000,0.000000,0.000000,0.000000,0.000000,259.000000,638.000000,725.000000,1392.000000,1485.300000,1512.000000,2115.000000,1376.000000,240.000000,0.000000,0.000000,0.000000,0.000000,0.000000,0.000000,0.000000,0.000000,0.000000,0.000000,0.000000,0.000000,9742.300000,7457.800000,2284.500000,0.234493,0.000000
Almond butter,711002,,,Fitnuts,Nut butter,"Weight loss, gluten free, Healthy snacks",0.000000,0.000000,0.000000,0.000000,0.000000,0.000000,0.000000,0.000000,0.000000,0.000000,0.000000,0.000000,0.000000,0.000000,0.000000,0.000000,0.000000,0.000000,0.000000,0.000000,0.000000,0.000000,0.000000,0.000000,0.000000,0.000000,0.000000,0.000000,0.000000,0.000000,0.000000,0.000000,0.000000,0.000000,0.000000,0.000000,0.000000,0.000000,65.000000,1046.000000,715.000000,1683.722222,1755.000000,3038.345747,1170.000000,9473.067970,7644.000000,1829.067970,0.193081,0.000000
Top side steak (chemical free) - frozen,151012,,NGS,El rancho,Beef,"Frozen, Chemical free, Beef",0.000000,0.000000,0.000000,0.000000,0.000000,0.000000,0.000000,0.000000,0.000000,0.000000,0.000000,0.000000,0.000000,0.000000,0.000000,0.000000,0.000000,0.000000,0.000000,0.000000,0.000000,0.000000,0.000000,0.000000,0.000000,0.000000,0.000000,0.000000,0.000000,0.000000,0.000000,0.000000,0.000000,0.000000,0.000000,0.000000,2726.000000,1092.000000,682.000000,310.000000,744.000000,1426.000000,633.385472,710.505355,896.000000,9219.890827,6642.600000,2577.290827,0.279536,0.000000
Kale / Default,Kale,,NGS,MAKAR,Fresh vegetables,,0.000000,0.000000,0.000000,0.000000,0.000000,0.000000,0.000000,0.000000,0.000000,0.000000,0.000000,0.000000,0.000000,0.000000,0.000000,0.000000,0.000000,0.000000,0.000000,0.000000,0.000000,0.000000,0.000000,262.500000,1202.500000,988.000000,950.000000,1691.000000,798.000000,1007.000000,915.000000,1221.000000,168.000000,0.000000,0.000000,0.000000,0.000000,0.000000,0.000000,0.000000,0.000000,0.000000,0.000000,0.000000,0.000000,9203.000000,7140.000000,2063.000000,0.224166,0.000000
Coconut flour (Organic),281014,,,Hv,Baking products,"Weight loss, gluten free, Vegan, Baking Products",0.000000,0.000000,0.000000,0.000000,0.000000,0.000000,0.000000,0.000000,0.000000,0.000000,0.000000,0.000000,0.000000,0.000000,0.000000,0.000000,0.000000,0.000000,0.000000,0.000000,0.000000,0.000000,0.000000,0.000000,0.000000,0.000000,0.000000,0.000000,0.000000,0.000000,0.000000,0.000000,0.000000,0.000000,0.000000,0.000000,850.000000,892.500000,229.500000,1870.000000,1785.000000,926.778689,1478.636258,534.000000,525.000000,9091.414946,7046.500000,2044.914946,0.224928,0.000000
Cairo above 150 L.E orders,Cairoabove150LEorders,,Freight,Freight,,,0.000000,0.000000,0.000000,0.000000,0.000000,0.000000,0.000000,0.000000,0.000000,0.000000,0.000000,0.000000,0.000000,0.000000,0.000000,0.000000,0.000000,0.000000,0.000000,0.000000,0.000000,0.000000,0.000000,0.000000,0.000000,0.000000,540.000000,1320.000000,1600.000000,1600.000000,1860.000000,1610.000000,410.000000,0.000000,0.000000,0.000000,0.000000,0.000000,0.000000,0.000000,0.000000,0.000000,0.000000,0.000000,0.000000,8940.000000,0.000000,8940.000000,1.000000,0.000000
Raw almonds - shelled / 250g,AlmondsRawShelled,,NGS,Auf,Nuts,,0.000000,0.000000,0.000000,0.000000,0.000000,0.000000,0.000000,68.100000,408.600000,295.100000,405.000000,324.000000,297.000000,405.060000,441.900000,88.380000,382.980000,325.680000,420.000000,340.000000,140.000000,140.000000,315.000000,140.000000,282.000000,366.040000,171.060000,342.120000,627.215000,427.650000,521.280000,907.540000,188.100000,0.000000,0.000000,0.000000,0.000000,0.000000,0.000000,0.000000,0.000000,0.000000,0.000000,0.000000,0.000000,8769.805000,6297.910000,2471.895000,0.281864,0.000000
Stevia,281043,,,Hv,Sweeteners,"Weight loss, Sweeteners",0.000000,0.000000,0.000000,0.000000,0.000000,0.000000,0.000000,0.000000,0.000000,0.000000,0.000000,0.000000,0.000000,0.000000,0.000000,0.000000,0.000000,0.000000,0.000000,0.000000,0.000000,0.000000,0.000000,0.000000,0.000000,0.000000,0.000000,0.000000,0.000000,0.000000,0.000000,0.000000,0.000000,0.000000,0.000000,0.000000,1260.000000,780.000000,240.000000,960.000000,540.000000,1800.000000,0.000000,1840.000000,1327.949495,8747.949495,6838.500000,1909.449495,0.218274,0.000000
Balady Whole Chicken(chemical free) / None,None,,,Tabiey,Poultry,,0.000000,0.000000,0.000000,0.000000,0.000000,0.000000,0.000000,0.000000,0.000000,0.000000,0.000000,0.000000,0.000000,0.000000,0.000000,0.000000,0.000000,0.000000,0.000000,0.000000,0.000000,0.000000,0.000000,0.000000,0.000000,0.000000,0.000000,0.000000,0.000000,0.000000,0.000000,0.000000,0.000000,0.000000,0.000000,227.500000,0.000000,0.000000,0.000000,450.000000,2000.000000,2540.336700,2568.923657,900.111111,0.000000,8686.871468,6876.760000,1810.111468,0.208373,0.000000
Balady eggs ( chemical free ),Eggbaldy,,NGS,Sara nour,Eggs,,0.000000,0.000000,0.000000,0.000000,0.000000,0.000000,0.000000,0.000000,0.000000,0.000000,0.000000,0.000000,0.000000,0.000000,0.000000,0.000000,0.000000,0.000000,0.000000,0.000000,0.000000,42.000000,357.000000,714.000000,882.000000,819.000000,756.000000,483.000000,220.000000,330.000000,1518.000000,1936.000000,242.000000,0.000000,0.000000,0.000000,0.000000,0.000000,0.000000,0.000000,0.000000,0.000000,0.000000,0.000000,0.000000,8299.000000,6562.000000,1737.000000,0.209302,0.000000
Cairo,Cairo,,Freight,Freight,General,,0.000000,0.000000,80.000000,0.000000,0.000000,0.000000,0.000000,0.000000,0.000000,0.000000,0.000000,0.000000,0.000000,0.000000,0.000000,0.000000,0.000000,0.000000,0.000000,0.000000,0.000000,0.000000,0.000000,0.000000,0.000000,0.000000,720.000000,1170.000000,1215.000000,1680.000000,1440.000000,1500.000000,210.000000,0.000000,0.000000,0.000000,0.000000,0.000000,0.000000,0.000000,0.000000,0.000000,0.000000,0.000000,0.000000,8015.000000,0.000000,8015.000000,1.000000,0.000000
Baby spinach (chemical free),341004,,,MAKAR,Vegetables,"Fresh, Chemical free",0.000000,0.000000,0.000000,0.000000,0.000000,0.000000,0.000000,0.000000,0.000000,0.000000,0.000000,0.000000,0.000000,0.000000,0.000000,0.000000,0.000000,0.000000,0.000000,0.000000,0.000000,0.000000,0.000000,0.000000,0.000000,0.000000,0.000000,0.000000,0.000000,0.000000,0.000000,0.000000,0.000000,0.000000,0.000000,16.000000,928.000000,360.000000,400.000000,1107.882353,1016.000000,1732.869589,1151.448163,824.713844,366.516505,7903.430453,4990.000000,2913.430453,0.368629,0.000000
Chicken cutlets - Hormone free - (Shishtawook) - frozen,80002,,NGS,Shahd,Poultry,Frozen,0.000000,0.000000,0.000000,0.000000,0.000000,0.000000,0.000000,0.000000,0.000000,0.000000,0.000000,0.000000,0.000000,0.000000,0.000000,0.000000,0.000000,0.000000,0.000000,0.000000,0.000000,0.000000,0.000000,0.000000,0.000000,0.000000,0.000000,0.000000,0.000000,0.000000,0.000000,0.000000,0.000000,0.000000,0.000000,0.000000,1674.000000,1346.400000,990.000000,268.000000,201.000000,1139.000000,737.000000,827.549443,261.300000,7444.249443,5576.320000,1867.929443,0.250922,0.000000
Quinoa (Chemical free) - Local,621001,,,EGY VEGGIE,Grains,"Organic, Whole grain, High performance, super foods",0.000000,0.000000,0.000000,0.000000,0.000000,0.000000,0.000000,0.000000,0.000000,0.000000,0.000000,0.000000,0.000000,0.000000,0.000000,0.000000,0.000000,0.000000,0.000000,0.000000,0.000000,0.000000,0.000000,0.000000,0.000000,0.000000,0.000000,0.000000,0.000000,0.000000,0.000000,0.000000,0.000000,0.000000,0.000000,0.000000,126.000000,1178.520000,336.000000,252.000000,2146.200000,837.000000,1089.000000,1086.403000,42.000000,7093.123000,5430.000000,1663.123000,0.234470,0.000000
Beef liver ( Chemical free ) - frozen,151005,,NGS,El rancho,Beef,"Frozen, Chemical free, Beef",0.000000,0.000000,0.000000,0.000000,0.000000,0.000000,0.000000,0.000000,0.000000,0.000000,0.000000,0.000000,0.000000,0.000000,0.000000,0.000000,0.000000,0.000000,0.000000,0.000000,0.000000,0.000000,0.000000,0.000000,0.000000,0.000000,0.000000,0.000000,0.000000,0.000000,0.000000,0.000000,0.000000,0.000000,0.000000,0.000000,669.000000,815.200000,204.000000,544.000000,1088.000000,816.000000,1020.000000,1224.324098,612.000000,6992.524098,5184.650000,1807.874098,0.258544,0.000000
Hamburger (chemical free) - frozen,151010,,NGS,El rancho,Beef,"Frozen, Chemical free, Beef",0.000000,0.000000,0.000000,0.000000,0.000000,0.000000,0.000000,0.000000,0.000000,0.000000,0.000000,0.000000,0.000000,0.000000,0.000000,0.000000,0.000000,0.000000,0.000000,0.000000,0.000000,0.000000,0.000000,0.000000,0.000000,0.000000,0.000000,0.000000,0.000000,0.000000,0.000000,0.000000,0.000000,0.000000,0.000000,0.000000,52.000000,0.000000,260.000000,364.000000,1716.000000,1040.000000,1014.440181,725.221725,660.800000,5832.461907,3901.190000,1931.271907,0.331125,0.000000
Tomato ( chemical free ),461030,,,Sara nour,Vegetables,"Fresh, Chemical free",0.000000,0.000000,0.000000,0.000000,0.000000,0.000000,0.000000,0.000000,0.000000,0.000000,0.000000,0.000000,0.000000,0.000000,0.000000,0.000000,0.000000,0.000000,0.000000,0.000000,0.000000,0.000000,0.000000,0.000000,0.000000,0.000000,0.000000,0.000000,0.000000,0.000000,0.000000,0.000000,0.000000,0.000000,0.000000,0.000000,1016.250000,297.000000,279.000000,495.000000,581.000000,1181.222460,914.515389,555.434531,454.800000,5774.222379,3447.620000,2326.602379,0.402929,0.000000
Brown rice ( Egyptian ) / 750g,PremiumBrownRice,,Kheir Misr,IMN,Rice,,0.000000,0.000000,0.000000,0.000000,0.000000,0.000000,0.000000,0.000000,208.000000,145.600000,166.400000,72.800000,208.000000,234.650000,98.800000,49.400000,123.500000,37.050000,98.800000,37.050000,111.150000,209.950000,160.550000,148.200000,86.100000,336.000000,432.000000,600.000000,419.000000,441.000000,555.850000,600.000000,191.500000,0.000000,0.000000,0.000000,0.000000,0.000000,0.000000,0.000000,0.000000,0.000000,0.000000,0.000000,0.000000,5771.350000,4199.990000,1571.360000,0.272269,0.000000
Raw almonds (shelled) 250g,40017,,NGS,Auf,Nuts,Nuts,0.000000,0.000000,0.000000,0.000000,0.000000,0.000000,0.000000,0.000000,0.000000,0.000000,0.000000,0.000000,0.000000,0.000000,0.000000,0.000000,0.000000,0.000000,0.000000,0.000000,0.000000,0.000000,0.000000,0.000000,0.000000,0.000000,0.000000,0.000000,0.000000,0.000000,0.000000,0.000000,0.000000,0.000000,0.000000,0.000000,982.000000,334.400000,308.000000,481.325228,616.000000,440.000000,818.452396,737.097778,484.000000,5201.275402,3708.460000,1492.815402,0.287009,0.000000
Bananas (imported),20005,,NGS,Agrovate,Fruits,Fresh,0.000000,0.000000,0.000000,0.000000,0.000000,0.000000,0.000000,0.000000,0.000000,0.000000,0.000000,0.000000,0.000000,0.000000,0.000000,0.000000,0.000000,0.000000,0.000000,0.000000,0.000000,0.000000,0.000000,0.000000,0.000000,0.000000,0.000000,0.000000,0.000000,0.000000,0.000000,0.000000,0.000000,0.000000,0.000000,0.000000,621.480000,307.520000,242.000000,704.000000,784.750000,1044.129167,889.074743,346.908820,0.000000,4939.862729,3572.730000,1367.132729,0.276755,0.000000
Camel milk - Hormone free (frozen),90001,,NGS,Camel milk,Milk,"Frozen, Chemical free, Milk",0.000000,0.000000,0.000000,0.000000,0.000000,0.000000,0.000000,0.000000,0.000000,0.000000,0.000000,0.000000,0.000000,0.000000,0.000000,0.000000,0.000000,0.000000,0.000000,0.000000,0.000000,0.000000,0.000000,0.000000,0.000000,0.000000,0.000000,0.000000,0.000000,0.000000,0.000000,0.000000,0.000000,0.000000,0.000000,0.000000,1414.000000,980.000000,434.000000,322.000000,285.557252,280.000000,96.643614,782.551724,280.000000,4874.752590,3260.380000,1614.372590,0.331170,0.000000
Sixth of October,SixthofOctober,,Freight,Freight,General,,0.000000,0.000000,0.000000,0.000000,0.000000,0.000000,0.000000,0.000000,0.000000,0.000000,0.000000,0.000000,0.000000,0.000000,0.000000,0.000000,0.000000,0.000000,0.000000,0.000000,0.000000,0.000000,0.000000,0.000000,0.000000,0.000000,0.000000,0.000000,0.000000,0.000000,0.000000,0.000000,0.000000,0.000000,0.000000,0.000000,665.000000,525.000000,420.000000,296.985294,285.000000,630.000000,947.091787,760.576103,175.000000,4704.653184,0.000000,4704.653184,1.000000,0.000000
Banana,Banana,,Kheir Misr,Rafic,Fresh vegetables,,0.000000,0.000000,0.000000,0.000000,0.000000,0.000000,0.000000,54.000000,189.000000,243.000000,337.500000,229.500000,435.930000,437.440000,233.900000,226.800000,340.200000,243.000000,421.200000,321.993487,210.600000,145.800000,243.000000,135.500000,246.000000,0.000000,0.000000,0.000000,0.000000,0.000000,0.000000,0.000000,0.000000,0.000000,0.000000,0.000000,0.000000,0.000000,0.000000,0.000000,0.000000,0.000000,0.000000,0.000000,0.000000,4694.363487,3888.780000,805.583487,0.171607,0.000000
Kale (chemical free),341021,,,MAKAR,Vegetables,"Chemical free, Greens",0.000000,0.000000,0.000000,0.000000,0.000000,0.000000,0.000000,0.000000,0.000000,0.000000,0.000000,0.000000,0.000000,0.000000,0.000000,0.000000,0.000000,0.000000,0.000000,0.000000,0.000000,0.000000,0.000000,0.000000,0.000000,0.000000,0.000000,0.000000,0.000000,0.000000,0.000000,0.000000,0.000000,0.000000,0.000000,0.000000,567.000000,588.000000,462.000000,1845.934272,286.000000,242.000000,405.410964,0.000000,264.000000,4660.345237,3210.000000,1450.345237,0.311210,0.000000
Mushroom,6224000090531,,NGS,Souna,Fresh vegetables,,0.000000,0.000000,0.000000,0.000000,0.000000,0.000000,0.000000,12.990000,207.840000,246.810000,454.650000,207.840000,249.510000,212.160000,172.380000,132.600000,198.900000,159.120000,132.600000,119.340000,212.160000,145.860000,185.640000,145.860000,135.820000,207.000000,126.000000,188.100000,333.000000,153.000000,0.000000,0.000000,0.000000,0.000000,0.000000,0.000000,0.000000,0.000000,0.000000,0.000000,0.000000,0.000000,0.000000,0.000000,0.000000,4339.180000,3468.990000,870.190000,0.200542,0.000000
Yellow carrot ( chemical free ),Organicyellowcarrot,,NGS,Sara nour,Fresh vegetables,,0.000000,0.000000,0.000000,0.000000,0.000000,0.000000,0.000000,0.000000,0.000000,0.000000,0.000000,0.000000,0.000000,0.000000,0.000000,0.000000,0.000000,0.000000,0.000000,0.000000,0.000000,0.000000,0.000000,0.000000,175.000000,247.000000,390.000000,416.000000,585.000000,806.000000,830.000000,490.000000,238.000000,0.000000,0.000000,0.000000,0.000000,0.000000,0.000000,0.000000,0.000000,0.000000,0.000000,0.000000,0.000000,4177.000000,3127.000000,1050.000000,0.251377,0.000000
Baby spinach,babyspinach,,NGS,MAKAR,Fresh vegetables,,0.000000,0.000000,0.000000,0.000000,0.000000,0.000000,0.000000,0.000000,0.000000,0.000000,0.000000,0.000000,0.000000,0.000000,0.000000,0.000000,0.000000,0.000000,0.000000,0.000000,0.000000,0.000000,0.000000,100.000000,370.000000,399.000000,616.000000,245.000000,580.300000,476.000000,488.000000,464.000000,64.000000,0.000000,0.000000,0.000000,0.000000,0.000000,0.000000,0.000000,0.000000,0.000000,0.000000,0.000000,0.000000,3802.300000,2666.250000,1136.050000,0.298780,0.000000
Cucumber ( chemical free ),OrganicCucumber,,NGS,Sara nour,Fresh vegetables,,0.000000,0.000000,0.000000,0.000000,0.000000,0.000000,0.000000,0.000000,0.000000,0.000000,0.000000,0.000000,0.000000,0.000000,0.000000,0.000000,0.000000,0.000000,0.000000,0.000000,0.000000,0.000000,87.500000,112.500000,250.000000,296.100000,207.000000,423.000000,555.300000,581.000000,392.000000,371.000000,140.000000,0.000000,0.000000,0.000000,0.000000,0.000000,0.000000,0.000000,0.000000,0.000000,0.000000,0.000000,0.000000,3415.400000,2703.020000,712.380000,0.208579,0.000000
Brown rice ( Egyptian ),291003,,NGS,IMN,Rice,"Weight loss, Whole grain, Rice",0.000000,0.000000,0.000000,0.000000,0.000000,0.000000,0.000000,0.000000,0.000000,0.000000,0.000000,0.000000,0.000000,0.000000,0.000000,0.000000,0.000000,0.000000,0.000000,0.000000,0.000000,0.000000,0.000000,0.000000,0.000000,0.000000,0.000000,0.000000,0.000000,0.000000,0.000000,0.000000,0.000000,0.000000,0.000000,0.000000,836.000000,377.100000,243.000000,197.726444,279.000000,216.000000,444.098480,576.000000,240.000000,3408.924923,2341.810000,1067.114923,0.313036,0.000000
Tomato ( chemical free ),OrganicTomato,,NGS,Sara nour,Fresh vegetables,,0.000000,0.000000,0.000000,0.000000,0.000000,0.000000,0.000000,0.000000,0.000000,0.000000,0.000000,0.000000,0.000000,0.000000,0.000000,0.000000,0.000000,0.000000,0.000000,0.000000,0.000000,0.000000,112.500000,123.500000,250.000000,203.000000,196.000000,329.000000,544.300000,505.000000,582.000000,414.000000,96.000000,0.000000,0.000000,0.000000,0.000000,0.000000,0.000000,0.000000,0.000000,0.000000,0.000000,0.000000,0.000000,3355.300000,2492.350000,862.950000,0.257190,0.000000
Cucumber (chemical free),461006,,,Sara nour,Vegetables,"Fresh, Organic",0.000000,0.000000,0.000000,0.000000,0.000000,0.000000,0.000000,0.000000,0.000000,0.000000,0.000000,0.000000,0.000000,0.000000,0.000000,0.000000,0.000000,0.000000,0.000000,0.000000,0.000000,0.000000,0.000000,0.000000,0.000000,0.000000,0.000000,0.000000,0.000000,0.000000,0.000000,0.000000,0.000000,0.000000,0.000000,21.000000,567.000000,203.000000,144.300000,279.230769,329.000000,413.000000,801.440246,305.299057,278.950000,3342.220072,1860.180000,1482.040072,0.443430,0.000000
Kale (chemical free) / Default,501020,,,Tabiey,Vegetables,"Super food, Chemical free, Greens",0.000000,0.000000,0.000000,0.000000,0.000000,0.000000,0.000000,0.000000,0.000000,0.000000,0.000000,0.000000,0.000000,0.000000,0.000000,0.000000,0.000000,0.000000,0.000000,0.000000,0.000000,0.000000,0.000000,0.000000,0.000000,0.000000,0.000000,0.000000,0.000000,0.000000,0.000000,0.000000,0.000000,0.000000,0.000000,0.000000,0.000000,0.000000,0.000000,0.000000,165.000000,0.000000,1996.114214,730.759772,308.000000,3199.873987,1529.040000,1670.833987,0.522156,0.000000
Sea salt ( potugese ) - fine grind 453g,281037,,,Hv,Spices,Spices,0.000000,0.000000,0.000000,0.000000,0.000000,0.000000,0.000000,0.000000,0.000000,0.000000,0.000000,0.000000,0.000000,0.000000,0.000000,0.000000,0.000000,0.000000,0.000000,0.000000,0.000000,0.000000,0.000000,0.000000,0.000000,0.000000,0.000000,0.000000,0.000000,0.000000,0.000000,0.000000,0.000000,0.000000,0.000000,0.000000,390.000000,258.000000,150.000000,357.183099,150.000000,480.000000,787.129983,385.681644,180.000000,3137.994726,2375.000000,762.994726,0.243147,0.000000
Baking soda 453g,281003,,,Hv,Baking products,"gluten free, Baking Products",0.000000,0.000000,0.000000,0.000000,0.000000,0.000000,0.000000,0.000000,0.000000,0.000000,0.000000,0.000000,0.000000,0.000000,0.000000,0.000000,0.000000,0.000000,0.000000,0.000000,0.000000,0.000000,0.000000,0.000000,0.000000,0.000000,0.000000,0.000000,0.000000,0.000000,0.000000,0.000000,0.000000,0.000000,0.000000,0.000000,420.000000,300.000000,60.000000,360.000000,450.000000,540.000000,480.000000,315.000000,210.000000,3135.000000,2393.750000,741.250000,0.236443,0.000000
Sixth of October above 300 L.E,SixthofOctoberabove300LE,,Freight,Freight,General,,0.000000,0.000000,0.000000,0.000000,0.000000,0.000000,0.000000,0.000000,0.000000,0.000000,0.000000,0.000000,0.000000,0.000000,0.000000,0.000000,0.000000,0.000000,0.000000,0.000000,0.000000,0.000000,0.000000,0.000000,0.000000,0.000000,0.000000,0.000000,0.000000,0.000000,0.000000,0.000000,0.000000,0.000000,0.000000,40.000000,340.000000,340.000000,20.000000,180.000000,380.000000,460.000000,398.085653,553.390837,360.000000,3071.476491,0.000000,3071.476491,1.000000,0.000000
Zucchini ( chemical free ),Organiczucchini,,NGS,Sara nour,Fresh vegetables,,0.000000,0.000000,0.000000,0.000000,0.000000,0.000000,0.000000,0.000000,0.000000,0.000000,0.000000,0.000000,0.000000,0.000000,0.000000,0.000000,0.000000,0.000000,0.000000,0.000000,0.000000,0.000000,13.000000,130.000000,183.500000,182.000000,224.000000,196.000000,416.000000,580.000000,450.000000,330.000000,198.000000,0.000000,0.000000,0.000000,0.000000,0.000000,0.000000,0.000000,0.000000,0.000000,0.000000,0.000000,0.000000,2902.500000,2102.500000,800.000000,0.275624,0.000000
Sweet potatoes (Chemical free),141009,,NGS,El Hoda,Vegetables,"Fresh, Chemical free",0.000000,0.000000,0.000000,0.000000,0.000000,0.000000,0.000000,0.000000,0.000000,0.000000,0.000000,0.000000,0.000000,0.000000,0.000000,0.000000,0.000000,0.000000,0.000000,0.000000,0.000000,0.000000,0.000000,0.000000,0.000000,0.000000,0.000000,0.000000,0.000000,0.000000,0.000000,0.000000,0.000000,0.000000,0.000000,0.000000,24.000000,0.000000,0.000000,192.000000,372.000000,667.361645,616.008424,462.443410,499.200000,2833.013480,2113.650000,719.363480,0.253922,0.000000
Red asparagus (chemical free),341030,,,MAKAR,Vegetables,"Fresh, Chemical free",0.000000,0.000000,0.000000,0.000000,0.000000,0.000000,0.000000,0.000000,0.000000,0.000000,0.000000,0.000000,0.000000,0.000000,0.000000,0.000000,0.000000,0.000000,0.000000,0.000000,0.000000,0.000000,0.000000,0.000000,0.000000,0.000000,0.000000,0.000000,0.000000,0.000000,0.000000,0.000000,0.000000,0.000000,0.000000,0.000000,162.000000,512.000000,352.000000,242.000000,88.000000,1007.690535,440.000000,0.000000,0.000000,2803.690535,1950.000000,853.690535,0.304488,0.000000
Zucchini (chemical free),461033,,,Sara nour,Vegetables,"Fresh, Chemical free",0.000000,0.000000,0.000000,0.000000,0.000000,0.000000,0.000000,0.000000,0.000000,0.000000,0.000000,0.000000,0.000000,0.000000,0.000000,0.000000,0.000000,0.000000,0.000000,0.000000,0.000000,0.000000,0.000000,0.000000,0.000000,0.000000,0.000000,0.000000,0.000000,0.000000,0.000000,0.000000,0.000000,0.000000,0.000000,0.000000,656.000000,210.000000,7.500000,150.000000,330.000000,318.076923,695.681924,260.509227,134.800000,2762.568074,1832.500000,930.068074,0.336668,0.000000
Bananas (chemical free),50001,,NGS,Balaika,Fruits,"Fresh, Chemical free",0.000000,0.000000,0.000000,0.000000,0.000000,0.000000,0.000000,0.000000,0.000000,0.000000,0.000000,0.000000,0.000000,0.000000,0.000000,0.000000,0.000000,0.000000,0.000000,0.000000,0.000000,0.000000,0.000000,0.000000,0.000000,0.000000,0.000000,0.000000,0.000000,0.000000,0.000000,0.000000,0.000000,0.000000,0.000000,0.000000,1280.000000,32.000000,0.000000,0.000000,0.000000,0.000000,0.000000,809.263401,591.300000,2712.563401,1773.140000,939.423401,0.346323,0.000000
Mushroom,20015,,NGS,Agrovate,Vegetables,Fresh,0.000000,0.000000,0.000000,0.000000,0.000000,0.000000,0.000000,0.000000,0.000000,0.000000,0.000000,0.000000,0.000000,0.000000,0.000000,0.000000,0.000000,0.000000,0.000000,0.000000,0.000000,0.000000,0.000000,0.000000,0.000000,0.000000,0.000000,0.000000,0.000000,0.000000,0.000000,0.000000,0.000000,0.000000,0.000000,30.000000,487.500000,151.500000,198.000000,217.874830,418.000000,242.000000,193.823350,294.897778,346.462439,2580.058397,1700.180000,879.878397,0.341030,0.000000
Colored bell pepper (Chemical free),141003,,NGS,El Hoda,Vegetables,"Fresh, Chemical free",0.000000,0.000000,0.000000,0.000000,0.000000,0.000000,0.000000,0.000000,0.000000,0.000000,0.000000,0.000000,0.000000,0.000000,0.000000,0.000000,0.000000,0.000000,0.000000,0.000000,0.000000,0.000000,0.000000,0.000000,0.000000,0.000000,0.000000,0.000000,0.000000,0.000000,0.000000,0.000000,0.000000,0.000000,0.000000,0.000000,468.000000,270.000000,234.000000,270.000000,234.000000,108.000000,335.569743,267.113541,234.000000,2420.683283,1783.600000,637.083283,0.263183,0.000000
Cairo delivery fee,Cairodeliveryfee,,Freight,Freight,General,,0.000000,0.000000,630.000000,420.000000,610.000000,680.000000,80.000000,0.000000,0.000000,0.000000,0.000000,0.000000,0.000000,0.000000,0.000000,0.000000,0.000000,0.000000,0.000000,0.000000,0.000000,0.000000,0.000000,0.000000,0.000000,0.000000,0.000000,0.000000,0.000000,0.000000,0.000000,0.000000,0.000000,0.000000,0.000000,0.000000,0.000000,0.000000,0.000000,0.000000,0.000000,0.000000,0.000000,0.000000,0.000000,2420.000000,0.000000,2420.000000,1.000000,0.000000
Lolla rossa (chemical free),341024,,,MAKAR,Vegetables,"Chemical free, Greens",0.000000,0.000000,0.000000,0.000000,0.000000,0.000000,0.000000,0.000000,0.000000,0.000000,0.000000,0.000000,0.000000,0.000000,0.000000,0.000000,0.000000,0.000000,0.000000,0.000000,0.000000,0.000000,0.000000,0.000000,0.000000,0.000000,0.000000,0.000000,0.000000,0.000000,0.000000,0.000000,0.000000,0.000000,0.000000,24.000000,368.000000,192.000000,168.000000,398.185350,343.275353,327.232922,278.418890,148.010450,40.000000,2287.122966,1455.090000,832.032966,0.363790,0.000000
Green beans (chemical free) - french,341017,,,MAKAR,Vegetables,"Fresh, Chemical free",0.000000,0.000000,0.000000,0.000000,0.000000,0.000000,0.000000,0.000000,0.000000,0.000000,0.000000,0.000000,0.000000,0.000000,0.000000,0.000000,0.000000,0.000000,0.000000,0.000000,0.000000,0.000000,0.000000,0.000000,0.000000,0.000000,0.000000,0.000000,0.000000,0.000000,0.000000,0.000000,0.000000,0.000000,0.000000,0.000000,323.000000,299.000000,195.800000,-22.000000,132.000000,1003.282397,110.000000,128.035028,66.000000,2235.117425,1570.000000,665.117425,0.297576,0.000000
Kiwi,Kiwi,,Kheir Misr,Rafic,Fresh fruits,,0.000000,0.000000,0.000000,0.000000,0.000000,0.000000,0.000000,10.500000,61.250000,68.250000,204.750000,152.250000,197.750000,212.400000,82.600000,115.640000,174.640000,106.200000,84.960000,68.440000,148.680000,120.360000,44.840000,87.320000,101.480000,0.000000,0.000000,0.000000,0.000000,0.000000,0.000000,0.000000,0.000000,0.000000,0.000000,0.000000,0.000000,0.000000,0.000000,0.000000,0.000000,0.000000,0.000000,0.000000,0.000000,2042.310000,1626.190000,416.120000,0.203750,0.000000
Cucumber (organic),461042,,,Sara nour,Vegetables,"Fresh, Chemical free",0.000000,0.000000,0.000000,0.000000,0.000000,0.000000,0.000000,0.000000,0.000000,0.000000,0.000000,0.000000,0.000000,0.000000,0.000000,0.000000,0.000000,0.000000,0.000000,0.000000,0.000000,0.000000,0.000000,0.000000,0.000000,0.000000,0.000000,0.000000,0.000000,0.000000,0.000000,0.000000,0.000000,0.000000,0.000000,0.000000,0.000000,204.000000,60.000000,12.000000,220.000000,560.000000,0.000000,614.600000,364.000000,2034.600000,1462.500000,572.100000,0.281185,0.000000
Balady eggs (chemical free),661001,,,Bio organic,Eggs,"Chemical free, Eggs",0.000000,0.000000,0.000000,0.000000,0.000000,0.000000,0.000000,0.000000,0.000000,0.000000,0.000000,0.000000,0.000000,0.000000,0.000000,0.000000,0.000000,0.000000,0.000000,0.000000,0.000000,0.000000,0.000000,0.000000,0.000000,0.000000,0.000000,0.000000,0.000000,0.000000,0.000000,0.000000,0.000000,0.000000,0.000000,0.000000,0.000000,120.000000,476.000000,584.000000,744.015094,44.000000,0.000000,0.000000,0.000000,1968.015094,1528.500000,439.515094,0.223329,0.000000
Potatoes (chemical free),461023,,,Sara nour,Vegetables,"Fresh, Chemical free",0.000000,0.000000,0.000000,0.000000,0.000000,0.000000,0.000000,0.000000,0.000000,0.000000,0.000000,0.000000,0.000000,0.000000,0.000000,0.000000,0.000000,0.000000,0.000000,0.000000,0.000000,0.000000,0.000000,0.000000,0.000000,0.000000,0.000000,0.000000,0.000000,0.000000,0.000000,0.000000,0.000000,0.000000,0.000000,0.000000,85.000000,215.000000,130.000000,147.426471,165.000000,490.000000,262.540984,300.460251,169.250000,1964.677705,995.000000,969.677705,0.493556,0.000000
Tomatoes,Tomatoes,,Kheir Misr,Rafic,Fresh vegetables,,0.000000,0.000000,0.000000,0.000000,0.000000,0.000000,0.000000,26.100000,101.500000,200.100000,214.600000,142.100000,157.940000,174.350000,60.230000,72.910000,193.370000,88.760000,66.570000,65.784735,88.760000,133.140000,79.250000,59.580000,39.200000,0.000000,0.000000,0.000000,0.000000,0.000000,0.000000,0.000000,0.000000,0.000000,0.000000,0.000000,0.000000,0.000000,0.000000,0.000000,0.000000,0.000000,0.000000,0.000000,0.000000,1964.244735,1559.540000,404.704735,0.206036,0.000000
cucumber,cucumber,,Kheir Misr,Rafic,Fresh vegetables,,0.000000,0.000000,0.000000,0.000000,0.000000,0.000000,0.000000,20.000000,77.500000,130.000000,165.000000,145.000000,218.500000,150.000000,45.250000,76.000000,199.500000,118.750000,104.500000,146.661670,85.500000,99.750000,90.250000,53.800000,34.650000,0.000000,0.000000,0.000000,0.000000,0.000000,0.000000,0.000000,0.000000,0.000000,0.000000,0.000000,0.000000,0.000000,0.000000,0.000000,0.000000,0.000000,0.000000,0.000000,0.000000,1960.611670,1618.290000,342.321670,0.174599,0.000000
Spinach,Spinach,,Kheir Misr,Rafic,Fresh vegetables,,0.000000,0.000000,0.000000,0.000000,0.000000,0.000000,0.000000,23.600000,147.500000,194.700000,230.100000,159.300000,287.420000,94.510000,0.000000,0.000000,0.000000,0.000000,12.000000,198.000000,186.000000,168.000000,96.000000,72.000000,42.000000,0.000000,0.000000,0.000000,0.000000,0.000000,0.000000,0.000000,0.000000,0.000000,0.000000,0.000000,0.000000,0.000000,0.000000,0.000000,0.000000,0.000000,0.000000,0.000000,0.000000,1911.130000,1503.400000,407.730000,0.213345,0.000000
Potatoes,Potatoes,,Kheir Misr,Rafic,Fresh vegetables,,0.000000,0.000000,0.000000,0.000000,0.000000,0.000000,0.000000,18.000000,81.000000,117.000000,130.500000,99.000000,89.540000,91.980000,99.640000,84.300000,95.540000,89.650000,89.650000,154.850000,105.950000,146.700000,130.400000,132.750000,46.000000,0.000000,0.000000,0.000000,0.000000,0.000000,0.000000,0.000000,0.000000,0.000000,0.000000,0.000000,0.000000,0.000000,0.000000,0.000000,0.000000,0.000000,0.000000,0.000000,0.000000,1802.450000,1480.760000,321.690000,0.178474,0.000000
Zucchini (organic),461041,,,Sara nour,Vegetables,"Fresh, Organic",0.000000,0.000000,0.000000,0.000000,0.000000,0.000000,0.000000,0.000000,0.000000,0.000000,0.000000,0.000000,0.000000,0.000000,0.000000,0.000000,0.000000,0.000000,0.000000,0.000000,0.000000,0.000000,0.000000,0.000000,0.000000,0.000000,0.000000,0.000000,0.000000,0.000000,0.000000,0.000000,0.000000,0.000000,0.000000,0.000000,0.000000,244.000000,403.200000,342.794118,56.000000,280.000000,0.000000,251.734738,166.600000,1744.328855,1079.500000,664.828855,0.381137,0.000000
Kiwi,20013,,NGS,Agrovate,Fruits,Fresh,0.000000,0.000000,0.000000,0.000000,0.000000,0.000000,0.000000,0.000000,0.000000,0.000000,0.000000,0.000000,0.000000,0.000000,0.000000,0.000000,0.000000,0.000000,0.000000,0.000000,0.000000,0.000000,0.000000,0.000000,0.000000,0.000000,0.000000,0.000000,0.000000,0.000000,0.000000,0.000000,0.000000,0.000000,0.000000,8.000000,296.000000,228.000000,68.000000,92.000000,212.000000,267.162597,274.317506,216.518648,50.200000,1712.198751,1071.840000,640.358751,0.373998,0.000000
Broccoli (chemical free),341007,,,MAKAR,Vegetables,"Fresh, Chemical free",0.000000,0.000000,0.000000,0.000000,0.000000,0.000000,0.000000,0.000000,0.000000,0.000000,0.000000,0.000000,0.000000,0.000000,0.000000,0.000000,0.000000,0.000000,0.000000,0.000000,0.000000,0.000000,0.000000,0.000000,0.000000,0.000000,0.000000,0.000000,0.000000,0.000000,0.000000,0.000000,0.000000,0.000000,0.000000,14.000000,189.000000,176.000000,175.758794,56.000000,128.000000,88.000000,229.627618,406.799048,238.800000,1701.985460,1044.830000,657.155460,0.386111,0.000000
Green iceberg lettuce (chemical free),341019,,,MAKAR,Vegetables,"Chemical free, Greens",0.000000,0.000000,0.000000,0.000000,0.000000,0.000000,0.000000,0.000000,0.000000,0.000000,0.000000,0.000000,0.000000,0.000000,0.000000,0.000000,0.000000,0.000000,0.000000,0.000000,0.000000,0.000000,0.000000,0.000000,0.000000,0.000000,0.000000,0.000000,0.000000,0.000000,0.000000,0.000000,0.000000,0.000000,0.000000,0.000000,144.000000,108.000000,132.000000,259.550778,275.400000,363.651914,149.406529,137.512255,47.400000,1616.921475,1089.490000,527.431475,0.326195,0.000000
Arugula(chemical free),501001,,,Tabiey,Vegetables,"Fresh, Chemical free",0.000000,0.000000,0.000000,0.000000,0.000000,0.000000,0.000000,0.000000,0.000000,0.000000,0.000000,0.000000,0.000000,0.000000,0.000000,0.000000,0.000000,0.000000,0.000000,0.000000,0.000000,0.000000,0.000000,0.000000,0.000000,0.000000,0.000000,0.000000,0.000000,0.000000,0.000000,0.000000,0.000000,0.000000,0.000000,33.000000,341.000000,22.000000,0.000000,0.000000,128.000000,350.566667,338.559747,189.613962,191.200000,1593.940375,1016.240000,577.700375,0.362435,0.000000
Carrot (chemical free),501051,,,Tabiey,Vegetables,"Fresh, Chemical free",0.000000,0.000000,0.000000,0.000000,0.000000,0.000000,0.000000,0.000000,0.000000,0.000000,0.000000,0.000000,0.000000,0.000000,0.000000,0.000000,0.000000,0.000000,0.000000,0.000000,0.000000,0.000000,0.000000,0.000000,0.000000,0.000000,0.000000,0.000000,0.000000,0.000000,0.000000,0.000000,0.000000,0.000000,0.000000,0.000000,0.000000,0.000000,0.000000,0.000000,49.000000,283.576588,794.664794,245.743274,209.300000,1582.284656,1077.250000,505.034656,0.319181,0.000000
Flax Seeds ( Egyptian ) 100g,291005,,NGS,IMN,Seeds,"Super food, Weight loss, Seeds",0.000000,0.000000,0.000000,0.000000,0.000000,0.000000,0.000000,0.000000,0.000000,0.000000,0.000000,0.000000,0.000000,0.000000,0.000000,0.000000,0.000000,0.000000,0.000000,0.000000,0.000000,0.000000,0.000000,0.000000,0.000000,0.000000,0.000000,0.000000,0.000000,0.000000,0.000000,0.000000,0.000000,0.000000,0.000000,0.000000,462.000000,193.500000,144.000000,132.000000,180.000000,132.000000,122.483876,166.600000,28.000000,1560.583876,1131.950000,428.633876,0.274663,0.000000
Fresh ginger (imported),20009,,NGS,Agrovate,Vegetables,Fresh,0.000000,0.000000,0.000000,0.000000,0.000000,0.000000,0.000000,0.000000,0.000000,0.000000,0.000000,0.000000,0.000000,0.000000,0.000000,0.000000,0.000000,0.000000,0.000000,0.000000,0.000000,0.000000,0.000000,0.000000,0.000000,0.000000,0.000000,0.000000,0.000000,0.000000,0.000000,0.000000,0.000000,0.000000,0.000000,0.000000,221.000000,110.500000,21.000000,118.500000,192.000000,236.449383,292.827585,148.800000,192.000000,1533.076968,1109.000000,424.076968,0.276618,0.000000
Lime(chemical free),461012,,,Sara nour,Vegetables,"Fresh, Chemical free",0.000000,0.000000,0.000000,0.000000,0.000000,0.000000,0.000000,0.000000,0.000000,0.000000,0.000000,0.000000,0.000000,0.000000,0.000000,0.000000,0.000000,0.000000,0.000000,0.000000,0.000000,0.000000,0.000000,0.000000,0.000000,0.000000,0.000000,0.000000,0.000000,0.000000,0.000000,0.000000,0.000000,0.000000,0.000000,0.000000,265.000000,72.000000,0.000000,63.000000,117.000000,286.229900,240.861420,228.200000,182.000000,1454.291321,795.950000,658.341321,0.452689,0.000000
Balady bread (whole grain),321001,,NGS,Karima,Bread,Whole grain,0.000000,0.000000,0.000000,0.000000,0.000000,0.000000,0.000000,0.000000,0.000000,0.000000,0.000000,0.000000,0.000000,0.000000,0.000000,0.000000,0.000000,0.000000,0.000000,0.000000,0.000000,0.000000,0.000000,0.000000,0.000000,0.000000,0.000000,0.000000,0.000000,0.000000,0.000000,0.000000,0.000000,0.000000,0.000000,0.000000,260.000000,220.000000,40.000000,140.000000,120.000000,110.000000,188.360656,150.000000,190.000000,1418.360656,994.000000,424.360656,0.299191,0.000000
Zucchini,Zucchini,,Kheir Misr,Rafic,Fresh vegetables,,0.000000,0.000000,0.000000,0.000000,0.000000,0.000000,0.000000,15.600000,70.200000,97.500000,93.600000,128.700000,124.830000,84.720000,35.300000,45.890000,134.140000,57.280000,120.000000,92.000000,72.000000,124.000000,60.000000,24.000000,15.000000,0.000000,0.000000,0.000000,0.000000,0.000000,0.000000,0.000000,0.000000,0.000000,0.000000,0.000000,0.000000,0.000000,0.000000,0.000000,0.000000,0.000000,0.000000,0.000000,0.000000,1394.760000,1165.770000,228.990000,0.164179,0.000000
Sweet oranges,20028,,NGS,Agrovate,Fruits,Fresh,0.000000,0.000000,0.000000,0.000000,0.000000,0.000000,0.000000,0.000000,0.000000,0.000000,0.000000,0.000000,0.000000,0.000000,0.000000,0.000000,0.000000,0.000000,0.000000,0.000000,0.000000,0.000000,0.000000,0.000000,0.000000,0.000000,0.000000,0.000000,0.000000,0.000000,0.000000,0.000000,0.000000,0.000000,0.000000,0.000000,340.000000,40.000000,16.000000,104.000000,228.000000,336.000000,-1.192238,0.000000,108.000000,1170.807762,737.270000,433.537762,0.370289,0.000000
Pak choi (chemical free),341029,,,MAKAR,Vegetables,"Chemical free, Greens",0.000000,0.000000,0.000000,0.000000,0.000000,0.000000,0.000000,0.000000,0.000000,0.000000,0.000000,0.000000,0.000000,0.000000,0.000000,0.000000,0.000000,0.000000,0.000000,0.000000,0.000000,0.000000,0.000000,0.000000,0.000000,0.000000,0.000000,0.000000,0.000000,0.000000,0.000000,0.000000,0.000000,0.000000,0.000000,0.000000,196.000000,14.000000,30.000000,60.000000,75.000000,462.170295,180.000000,42.296610,99.000000,1158.466905,790.000000,368.466905,0.318064,0.000000
Yellow carrots,Yellowcarrots,,NGS,Rafic,Fresh vegetables,,0.000000,0.000000,0.000000,0.000000,0.000000,0.000000,0.000000,0.000000,11.280000,41.480000,80.640000,146.160000,128.520000,90.720000,20.160000,40.320000,60.480000,35.060000,71.500000,41.250000,46.750000,68.750000,70.320000,80.660000,30.000000,0.000000,0.000000,0.000000,0.000000,0.000000,0.000000,0.000000,0.000000,0.000000,0.000000,0.000000,0.000000,0.000000,0.000000,0.000000,0.000000,0.000000,0.000000,0.000000,0.000000,1064.050000,944.230000,119.820000,0.112607,0.000000
Pink grapfruit,20020,,NGS,Agrovate,Fruits,Fresh,0.000000,0.000000,0.000000,0.000000,0.000000,0.000000,0.000000,0.000000,0.000000,0.000000,0.000000,0.000000,0.000000,0.000000,0.000000,0.000000,0.000000,0.000000,0.000000,0.000000,0.000000,0.000000,0.000000,0.000000,0.000000,0.000000,0.000000,0.000000,0.000000,0.000000,0.000000,0.000000,0.000000,0.000000,0.000000,0.000000,357.000000,105.000000,0.000000,55.000000,27.000000,159.755294,167.676442,59.400000,117.000000,1047.831736,634.630000,413.201736,0.394340,0.000000
Beetroot (chemical free),501006,,,Tabiey,Vegetables,"Fresh, Chemical free",0.000000,0.000000,0.000000,0.000000,0.000000,0.000000,0.000000,0.000000,0.000000,0.000000,0.000000,0.000000,0.000000,0.000000,0.000000,0.000000,0.000000,0.000000,0.000000,0.000000,0.000000,0.000000,0.000000,0.000000,0.000000,0.000000,0.000000,0.000000,0.000000,0.000000,0.000000,0.000000,0.000000,0.000000,0.000000,0.000000,71.500000,0.000000,0.000000,0.000000,72.000000,191.200000,413.455677,188.800000,96.000000,1032.955677,643.450000,389.505677,0.377079,0.000000
Cherries (imported),20006,,NGS,Agrovate,Fruits,Fresh,0.000000,0.000000,0.000000,0.000000,0.000000,0.000000,0.000000,0.000000,0.000000,0.000000,0.000000,0.000000,0.000000,0.000000,0.000000,0.000000,0.000000,0.000000,0.000000,0.000000,0.000000,0.000000,0.000000,0.000000,0.000000,0.000000,0.000000,0.000000,0.000000,0.000000,0.000000,0.000000,0.000000,0.000000,0.000000,0.000000,75.000000,144.000000,228.000000,356.200000,168.000000,28.000000,0.000000,0.000000,0.000000,999.200000,705.140000,294.060000,0.294295,0.000000
Roquette (chemical free),341035,,,MAKAR,Vegetables,"Chemical free, Greens",0.000000,0.000000,0.000000,0.000000,0.000000,0.000000,0.000000,0.000000,0.000000,0.000000,0.000000,0.000000,0.000000,0.000000,0.000000,0.000000,0.000000,0.000000,0.000000,0.000000,0.000000,0.000000,0.000000,0.000000,0.000000,0.000000,0.000000,0.000000,0.000000,0.000000,0.000000,0.000000,0.000000,0.000000,0.000000,0.000000,135.000000,105.000000,100.000000,110.000000,179.047096,229.517094,9.045073,72.000000,26.000000,965.609262,596.320000,369.289262,0.382442,0.000000
Aubergene (Roumy) - organic,461001,,,Sara nour,Vegetables,"Fresh, Organic",0.000000,0.000000,0.000000,0.000000,0.000000,0.000000,0.000000,0.000000,0.000000,0.000000,0.000000,0.000000,0.000000,0.000000,0.000000,0.000000,0.000000,0.000000,0.000000,0.000000,0.000000,0.000000,0.000000,0.000000,0.000000,0.000000,0.000000,0.000000,0.000000,0.000000,0.000000,0.000000,0.000000,0.000000,0.000000,5.000000,195.000000,32.000000,60.000000,132.000000,72.000000,132.000000,114.098361,67.137509,132.000000,941.235870,509.790000,431.445870,0.458382,0.000000
Watercress (chemical free),341046,,,MAKAR,Vegetables,"Fresh, Greens",0.000000,0.000000,0.000000,0.000000,0.000000,0.000000,0.000000,0.000000,0.000000,0.000000,0.000000,0.000000,0.000000,0.000000,0.000000,0.000000,0.000000,0.000000,0.000000,0.000000,0.000000,0.000000,0.000000,0.000000,0.000000,0.000000,0.000000,0.000000,0.000000,0.000000,0.000000,0.000000,0.000000,0.000000,0.000000,0.000000,210.000000,132.000000,16.000000,136.000000,104.000000,126.465844,61.000000,14.400000,40.000000,839.865844,550.000000,289.865844,0.345134,0.000000
Italian basil (chemical free),341020,,,MAKAR,Herbs,"Fresh, Chemical free",0.000000,0.000000,0.000000,0.000000,0.000000,0.000000,0.000000,0.000000,0.000000,0.000000,0.000000,0.000000,0.000000,0.000000,0.000000,0.000000,0.000000,0.000000,0.000000,0.000000,0.000000,0.000000,0.000000,0.000000,0.000000,0.000000,0.000000,0.000000,0.000000,0.000000,0.000000,0.000000,0.000000,0.000000,0.000000,0.000000,119.000000,118.000000,80.000000,143.248826,48.000000,160.000000,64.000000,32.000000,32.000000,796.248826,508.430000,287.818826,0.361468,0.000000
Celery (chemical free),501009,,,Tabiey,Herbs,"Fresh, Chemical free",0.000000,0.000000,0.000000,0.000000,0.000000,0.000000,0.000000,0.000000,0.000000,0.000000,0.000000,0.000000,0.000000,0.000000,0.000000,0.000000,0.000000,0.000000,0.000000,0.000000,0.000000,0.000000,0.000000,0.000000,0.000000,0.000000,0.000000,0.000000,0.000000,0.000000,0.000000,0.000000,0.000000,0.000000,0.000000,0.000000,150.100000,22.000000,0.000000,0.000000,128.000000,104.000000,193.907931,39.200000,40.000000,677.207931,421.840000,255.367931,0.377089,0.000000
Chives (chemical free),341010,,,MAKAR,Vegetables,"Fresh, Chemical free",0.000000,0.000000,0.000000,0.000000,0.000000,0.000000,0.000000,0.000000,0.000000,0.000000,0.000000,0.000000,0.000000,0.000000,0.000000,0.000000,0.000000,0.000000,0.000000,0.000000,0.000000,0.000000,0.000000,0.000000,0.000000,0.000000,0.000000,0.000000,0.000000,0.000000,0.000000,0.000000,0.000000,0.000000,0.000000,0.000000,88.000000,25.000000,25.000000,168.905078,50.000000,69.009363,69.011806,108.000000,56.000000,658.926248,454.660000,204.266248,0.309999,0.000000
Cherry tomato (chemical free),341051,,,MAKAR,Vegetables,"Fresh, Chemical free",0.000000,0.000000,0.000000,0.000000,0.000000,0.000000,0.000000,0.000000,0.000000,0.000000,0.000000,0.000000,0.000000,0.000000,0.000000,0.000000,0.000000,0.000000,0.000000,0.000000,0.000000,0.000000,0.000000,0.000000,0.000000,0.000000,0.000000,0.000000,0.000000,0.000000,0.000000,0.000000,0.000000,0.000000,0.000000,16.000000,200.000000,160.000000,112.000000,64.000000,96.000000,-16.000000,0.000000,0.000000,8.000000,640.000000,359.560000,280.440000,0.438188,0.000000

Revenue,,,,,,,0.000000,0.000000,710.000000,420.000000,610.000000,680.000000,80.000000,1606.830000,6898.330000,9077.280000,9670.840000,7575.670000,10337.020000,7708.970000,4659.270000,3992.940000,12340.240000,7542.180000,11253.150000,7251.526977,6987.820000,5913.970000,9126.210000,10487.050000,14204.850000,13049.140000,13331.060000,17337.220000,26262.215000,22473.650000,24199.830000,21740.940000,5033.600000,0.000000,0.000000,1711.300000,91582.430000,50121.692607,28467.631896,50252.847518,58340.122042,73990.601542,76767.381894,74495.697994,43522.982545
Cost of Goods,,,,,,,0.000000,0.000000,0.000000,0.000000,0.000000,0.000000,0.000000,1070.050000,4726.360000,6336.550000,6759.750000,5178.650000,7271.040000,5098.020000,3133.660000,2847.970000,8915.930000,5342.220000,8315.900000,5135.920000,4952.000000,4154.840000,6671.770000,7443.490000,10067.470000,10299.870000,9473.870000,11582.240000,18812.220000,15313.120000,16160.960000,13897.580000,3194.470000,0.000000,0.000000,843.500000,60745.330000,34760.050000,19130.150000,33205.770000,38871.760000,48179.900000,49772.600000,50040.000000,28639.440000
Gross Profit,,,,,,,0.000000,0.000000,710.000000,420.000000,610.000000,680.000000,80.000000,536.780000,2171.970000,2740.730000,2911.090000,2397.020000,3065.980000,2610.950000,1525.610000,1144.970000,3424.310000,2199.960000,2937.250000,2115.606977,2035.820000,1759.130000,2454.440000,3043.560000,4137.380000,2749.270000,3857.190000,5754.980000,7449.995000,7160.530000,8038.870000,7843.360000,1839.130000,0.000000,0.000000,867.800000,30837.100000,15361.642607,9337.481896,17047.077518,19468.362042,25810.701542,26994.781894,24455.697994,14883.542545
Margin,,,,,,,0.000000,0.000000,1.000000,1.000000,1.000000,1.000000,1.000000,0.334061,0.314854,0.301933,0.301017,0.316410,0.296602,0.338690,0.327435,0.286749,0.277491,0.291688,0.261016,0.291746,0.291338,0.297453,0.268944,0.290221,0.291265,0.210686,0.289339,0.331944,0.283677,0.318619,0.332187,0.360765,0.365371,0.000000,0.000000,0.507100,0.336714,0.306487,0.328003,0.339226,0.333705,0.348838,0.351644,0.328283,0.341970
Tax,,,,,,,0.000000,0.000000,0.000000,0.000000,0.000000,0.000000,0.000000,0.000000,0.000000,0.000000,0.000000,0.000000,0.000000,0.000000,0.000000,0.000000,0.000000,0.000000,0.000000,0.000000,0.000000,0.000000,0.000000,0.000000,0.000000,0.000000,0.000000,0.000000,0.000000,0.000000,0.000000,0.000000,0.000000,0.000000,0.000000,0.000000,0.000000,0.000000,0.000000,0.000000,0.000000,0.000000,0.000000,0.000000,0.000000
