Type,May 2012,Jun 2012,Jul 2012,Aug 2012,Sep 2012,Oct 2012,Nov 2012,Dec 2012,Jan 2013,Feb 2013,Mar 2013,Apr 2013,May 2013,Jun 2013,Jul 2013,Aug 2013,Sep 2013,Oct 2013,Nov 2013,Dec 2013,Jan 2014,Feb 2014,Mar 2014,Apr 2014,May 2014,Jun 2014,Jul 2014,Aug 2014,Sep 2014,Oct 2014,Nov 2014,Dec 2014,Jan 2015,Feb 2015,Mar 2015,Apr 2015,May 2015,Jun 2015,Jul 2015,Aug 2015,Sep 2015,Oct 2015,Nov 2015,Dec 2015,Revenue,Cost of Goods,Gross Profit,Margin,Tax
Beef,0.000000,0.000000,0.000000,0.000000,0.000000,0.000000,0.000000,0.000000,0.000000,0.000000,0.000000,0.000000,0.000000,0.000000,0.000000,0.000000,0.000000,0.000000,0.000000,0.000000,0.000000,0.000000,0.000000,0.000000,0.000000,0.000000,0.000000,0.000000,0.000000,0.000000,0.000000,0.000000,0.000000,0.000000,0.000000,352.800000,40024.590000,17214.585800,8976.648883,8521.310680,14420.000000,14538.297535,13976.587522,15569.640797,133594.461217,100081.445000,33513.016217,0.250856,0.000000
Cereal,0.000000,0.000000,0.000000,0.000000,0.000000,0.000000,0.000000,227.680000,1892.420000,1667.530000,1452.730000,411.180000,1009.590000,640.870000,645.950000,149.000000,748.750000,761.250000,966.000000,571.050000,958.500000,924.500000,125.600000,284.350000,4292.400000,2954.000000,3680.000000,2366.200000,2620.400000,1711.200000,1285.800000,815.200000,0.000000,0.000000,0.000000,1038.000000,34485.496000,31960.908000,10054.732598,5917.480000,10815.455604,643.200000,1072.936190,870.161266,130020.519659,93192.560000,36827.959659,0.283247,0.000000
Grains,0.000000,0.000000,0.000000,0.000000,0.000000,0.000000,0.000000,222.700000,1781.200000,1842.600000,1545.600000,1284.600000,1462.300000,275.300000,320.300000,36.500000,4578.950000,3457.950000,5293.750000,1145.950000,2636.250000,404.000000,3454.750000,2964.000000,4807.000000,2113.500000,3030.750000,9196.850000,12344.800000,8865.750000,9929.990000,8364.960000,1541.000000,0.000000,0.000000,348.000000,4749.000000,2801.867393,1744.000000,4100.494896,5205.933436,4299.300000,5209.973330,4483.876794,125843.745849,102782.470000,23061.275849,0.183253,0.000000
Poultry,0.000000,0.000000,0.000000,0.000000,0.000000,0.000000,0.000000,0.000000,0.000000,0.000000,0.000000,0.000000,0.000000,0.000000,0.000000,0.000000,0.000000,0.000000,0.000000,0.000000,0.000000,0.000000,0.000000,0.000000,0.000000,0.000000,0.000000,0.000000,0.000000,0.000000,0.000000,0.000000,0.000000,0.000000,0.000000,619.500000,28798.300000,11317.237350,7365.350000,10215.445289,13413.325081,19734.503514,18736.459900,15410.359922,125610.481056,92433.510000,33176.971056,0.264126,0.000000
Fresh vegetables,0.000000,0.000000,0.000000,0.000000,0.000000,0.000000,0.000000,829.020000,4456.340000,4593.130000,5666.810000,4296.950000,5022.680000,4133.630000,2175.560000,1910.720000,3918.030000,2841.130000,3216.800000,2194.152915,2495.730000,2506.180000,2319.720000,3861.060000,7232.360000,6455.000000,5214.520000,7145.000000,8735.000000,7374.750000,6298.050000,4575.100000,1439.550000,0.000000,0.000000,0.000000,0.000000,0.000000,0.000000,0.000000,0.000000,0.000000,0.000000,0.000000,110906.972915,85933.030000,24973.942915,0.225179,0.000000
Fresh poultry,0.000000,0.000000,0.000000,0.000000,0.000000,0.000000,0.000000,575.740000,2735.660000,4277.740000,4048.300000,3308.520000,4786.520000,3495.300000,2501.500000,2130.980000,4913.300000,2783.500000,3583.380000,3847.480000,3516.180000,3498.220000,2980.360000,3689.980000,3091.000000,6197.500000,4492.250000,6268.750000,6937.250000,7233.000000,7387.000000,5875.500000,2308.750000,0.000000,0.000000,0.000000,0.000000,0.000000,0.000000,0.000000,0.000000,0.000000,0.000000,0.000000,106463.660000,81744.300000,24719.360000,0.232186,0.000000
Oil,0.000000,0.000000,0.000000,0.000000,0.000000,0.000000,0.000000,0.000000,253.700000,263.700000,253.700000,434.500000,87.900000,253.700000,87.900000,0.000000,82.900000,90.000000,265.000000,180.000000,175.000000,265.000000,265.000000,396.500000,358.000000,364.000000,157.000000,2346.000000,4745.000000,5392.000000,7794.100000,9021.400000,1223.000000,0.000000,0.000000,1480.000000,14893.000000,5607.800000,2834.505155,6705.800000,5850.665409,8277.036342,12061.080058,6805.173912,99270.060875,75532.180000,23737.880875,0.239124,0.000000
Dried fruits,0.000000,0.000000,0.000000,0.000000,0.000000,0.000000,0.000000,210.690000,946.660000,1620.930000,652.000000,1210.500000,789.550000,1565.540000,751.820000,223.970000,1398.434500,1253.690000,1349.770000,1125.480000,551.000000,691.000000,1515.000000,1284.000000,1482.000000,1837.500000,1241.000000,1812.000000,2986.600000,8619.000000,2270.200000,4563.280000,464.020000,0.000000,0.000000,315.000000,10660.492000,7158.128000,1832.981959,3015.420000,6032.010000,4506.648427,5973.288832,5161.045503,87070.649221,57092.067500,29978.581721,0.344302,0.000000
Fresh Beef & Poultry,0.000000,0.000000,19959.490000,3856.360000,7649.840000,7957.310020,10420.309990,1413.580000,3484.640000,2071.350000,2311.010000,1438.200000,1918.790000,2622.590000,3223.120000,740.560000,2185.620000,1794.290000,1313.200000,1826.600000,1664.980000,953.090000,1800.090000,1616.970000,1620.490000,0.000000,0.000000,0.000000,0.000000,0.000000,0.000000,0.000000,0.000000,0.000000,0.000000,0.000000,0.000000,0.000000,0.000000,0.000000,0.000000,0.000000,0.000000,0.000000,83842.480010,64461.005890,19381.474120,0.231165,0.000000
Fresh fruits,0.000000,0.000000,0.000000,0.000000,0.000000,0.000000,0.000000,549.380000,2183.290000,2177.430000,3605.570000,2376.370000,3196.290000,3297.120000,1026.120000,1262.640000,2809.250000,1580.040000,3348.310000,2216.015673,1681.980000,1372.990000,2295.870000,2780.450000,3769.270000,6234.410000,3756.500000,3987.250000,5716.800000,4807.750000,4956.050000,3615.790000,1054.160000,0.000000,0.000000,0.000000,0.000000,0.000000,0.000000,0.000000,0.000000,0.000000,0.000000,0.000000,75657.095673,57259.560000,18397.535673,0.243170,0.000000
Vegetables,0.000000,0.000000,0.000000,0.000000,0.000000,0.000000,0.000000,0.000000,0.000000,0.000000,0.000000,0.000000,0.000000,0.000000,0.000000,0.000000,0.000000,0.000000,0.000000,0.000000,0.000000,0.000000,0.000000,0.000000,0.000000,0.000000,0.000000,0.000000,0.000000,0.000000,0.000000,0.000000,0.000000,0.000000,0.000000,498.430000,14740.450000,6854.575000,4822.593342,8172.256577,7439.703414,12468.164335,12718.903821,5512.364762,73227.441251,47085.080000,26142.361251,0.357002,0.000000
Nuts,0.000000,0.000000,0.000000,0.000000,0.000000,0.000000,0.000000,276.880000,1244.340000,1622.090000,1188.980000,1569.540000,1301.840000,1619.480000,1723.400000,325.880000,1226.330000,997.180000,2025.000000,1387.500000,876.250000,862.500000,1263.750000,990.000000,1199.500000,1038.540000,766.060000,1321.120000,2988.715000,1982.650000,2158.280000,2918.540000,379.600000,0.000000,0.000000,192.000000,9176.805000,2337.400000,1616.300000,1874.325228,4098.150000,3087.953285,2964.781078,3868.915556,64470.575147,46705.195000,17765.380147,0.275558,0.000000
Non-dairy milk,0.000000,0.000000,0.000000,0.000000,0.000000,0.000000,0.000000,127.600000,2392.500000,1276.000000,2360.600000,2456.300000,2552.000000,988.900000,95.700000,159.500000,2812.340000,1915.200000,436.800000,268.800000,639.250000,177.000000,289.000000,1364.350000,1963.400000,886.000000,1301.600000,780.800000,2880.800000,3559.000000,2243.700000,2444.000000,241.000000,0.000000,0.000000,135.000000,4349.000000,3750.000000,951.250000,1409.750000,1300.000000,330.000000,5295.210057,2576.000000,56708.350057,45948.900000,10759.450057,0.189733,0.000000
Seeds,0.000000,0.000000,0.000000,0.000000,0.000000,0.000000,0.000000,0.000000,95.800000,239.500000,239.500000,95.800000,47.900000,0.000000,0.000000,0.000000,367.500000,157.500000,157.500000,55.000000,385.000000,0.000000,55.000000,638.000000,290.000000,930.500000,936.000000,896.550000,2719.027500,2174.720000,2382.190000,1191.480000,525.000000,0.000000,0.000000,195.500000,9814.212000,5127.174000,1459.134021,952.250000,2929.504403,3154.000000,15404.127665,3038.734518,56654.104106,40993.010000,15661.094106,0.276434,0.000000
Fruits,0.000000,0.000000,0.000000,0.000000,0.000000,0.000000,0.000000,0.000000,0.000000,0.000000,0.000000,0.000000,0.000000,0.000000,0.000000,0.000000,0.000000,0.000000,0.000000,0.000000,0.000000,0.000000,0.000000,0.000000,0.000000,0.000000,0.000000,0.000000,0.000000,0.000000,0.000000,0.000000,0.000000,0.000000,0.000000,436.000000,11528.080000,5995.770000,4346.424874,6541.006573,6839.750000,7132.871766,7856.814572,5774.295433,56451.013217,39338.440000,17112.573217,0.303140,0.000000
General,0.000000,0.000000,895.000000,455.000000,660.000000,790.000000,1280.000000,170.000000,220.000000,105.000000,70.000000,70.000000,105.000000,0.000000,0.000000,0.000000,0.000000,0.000000,35.000000,35.000000,0.000000,0.000000,0.000000,0.000000,0.000000,0.000000,720.000000,1170.000000,1215.000000,1680.000000,1484.800000,1511.200000,210.000000,0.000000,0.000000,315.000000,8386.750000,4619.624782,2585.424870,3810.030397,4389.286757,6410.402232,8463.683786,4535.140744,56396.343568,1993.440000,54402.903568,0.964653,0.000000
Fresh beef,0.000000,0.000000,0.000000,0.000000,0.000000,0.000000,0.000000,1941.560000,5315.770000,4056.360000,4627.790000,2227.350000,3858.990000,4428.810000,1998.360000,599.710000,5779.197820,2514.350000,2449.990000,2316.180000,2413.030000,1787.110000,2336.720000,1783.510000,4183.800000,0.000000,84.000000,86.000000,0.000000,0.000000,1276.000000,0.000000,0.000000,0.000000,0.000000,0.000000,0.000000,0.000000,0.000000,0.000000,0.000000,0.000000,0.000000,0.000000,56064.587820,40121.950000,15942.637820,0.284362,0.000000
Baking products,0.000000,0.000000,0.000000,0.000000,0.000000,0.000000,0.000000,0.000000,0.000000,0.000000,0.000000,0.000000,0.000000,0.000000,0.000000,0.000000,0.000000,0.000000,0.000000,0.000000,0.000000,0.000000,0.000000,0.000000,0.000000,0.000000,0.000000,0.000000,0.000000,0.000000,0.000000,0.000000,0.000000,0.000000,0.000000,356.000000,4562.000000,3520.800000,4215.500000,11279.200000,8848.200000,7145.778689,11208.470292,4408.024614,55543.973595,42829.370000,12714.603595,0.228911,0.000000
Food supplements,0.000000,0.000000,0.000000,0.000000,0.000000,0.000000,0.000000,331.300000,1317.400000,1250.220000,703.500000,1028.700000,1495.600000,941.200000,1218.400000,171.800000,638.175000,1272.350000,687.350000,396.350000,661.250000,941.200000,566.350000,450.650000,696.500000,1226.000000,789.000000,1915.000000,2199.600000,1775.200000,2557.750000,1719.650000,39.000000,0.000000,0.000000,124.000000,6657.300000,2239.194000,2224.491589,2985.500000,3313.488550,3742.840608,4464.342376,1975.382155,54716.034277,41986.040000,12729.994277,0.232656,0.000000
Chemical free beef,0.000000,0.000000,0.000000,0.000000,0.000000,0.000000,0.000000,0.000000,0.000000,0.000000,0.000000,0.000000,0.000000,0.000000,0.000000,0.000000,0.000000,0.000000,0.000000,0.000000,0.000000,0.000000,0.000000,0.000000,805.000000,5705.000000,4949.000000,6111.000000,5805.500000,7005.500000,13609.000000,4800.000000,4174.500000,0.000000,0.000000,0.000000,0.000000,84.000000,0.000000,312.000000,208.000000,0.000000,0.000000,0.000000,53568.500000,38083.540000,15484.960000,0.289068,0.000000
Pasta,0.000000,0.000000,0.000000,0.000000,0.000000,0.000000,0.000000,41.900000,796.100000,628.500000,838.000000,670.400000,670.400000,502.800000,125.700000,0.000000,1221.750000,756.000000,567.000000,484.200000,1278.950000,810.400000,553.850000,1316.500000,1661.100000,1514.000000,688.000000,1314.100000,2040.000000,2217.000000,1947.950000,1416.000000,397.000000,0.000000,0.000000,0.000000,1661.000000,1948.500000,720.500000,4197.507739,2414.000000,3051.585737,2631.812149,1925.193787,43007.699413,33417.260000,9590.439413,0.222994,0.000000
Cosmetics,0.000000,0.000000,196.430000,171.930000,171.450000,501.340000,777.000000,0.000000,574.800000,247.700000,280.600000,83.800000,83.800000,75.800000,49.900000,0.000000,49.900000,68.250000,0.000000,375.150000,653.750000,224.500000,136.500000,136.500000,178.500000,878.500000,951.000000,789.000000,697.250000,608.000000,1265.250000,1133.000000,260.000000,0.000000,0.000000,120.000000,3604.000000,1425.000000,776.000000,1837.000000,1183.750000,5253.898035,7167.699851,4266.387859,37253.335746,28487.080000,8766.255746,0.235315,0.000000
Sweeteners,0.000000,0.000000,0.000000,0.000000,0.000000,0.000000,0.000000,17.900000,262.000000,161.400000,338.200000,468.100000,367.060000,352.580000,271.560000,187.040000,159.605000,132.360000,88.240000,110.300000,772.800000,305.800000,145.560000,0.000000,82.120000,263.000000,62.000000,123.000000,335.000000,907.000000,1214.000000,1056.000000,159.000000,0.000000,0.000000,447.000000,6676.000000,3677.500474,770.597938,2788.000000,2103.000000,4528.650000,2376.654903,2796.000000,34505.028315,26522.210000,7982.818315,0.231352,0.000000
Rice,0.000000,0.000000,0.000000,0.000000,0.000000,0.000000,0.000000,203.100000,519.100000,480.700000,405.700000,583.300000,646.800000,513.850000,98.800000,89.300000,953.350000,715.200000,652.050000,504.000000,445.950000,294.950000,237.450000,592.200000,1766.100000,1418.000000,1664.250000,1020.000000,1555.000000,1615.000000,1293.000000,1408.000000,317.500000,0.000000,0.000000,96.000000,2484.750000,2204.900000,1460.276382,1439.618221,1669.500000,1382.362712,1919.437610,1178.534951,33828.029875,26094.410000,7733.619875,0.228616,0.000000
Snacks,0.000000,0.000000,0.000000,0.000000,0.000000,0.000000,0.000000,0.000000,378.700000,408.800000,308.300000,167.500000,311.700000,348.600000,107.300000,103.900000,167.850000,393.750000,299.250000,182.250000,120.450000,425.700000,114.500000,94.500000,77.750000,0.000000,72.000000,0.000000,112.000000,248.000000,776.000000,287.000000,0.000000,0.000000,0.000000,1547.000000,6573.000000,2901.550000,901.408100,3463.261702,4665.500000,2814.640000,3838.684955,1471.083333,33681.928090,25090.180000,8591.748090,0.255085,0.000000
Honey,0.000000,0.000000,0.000000,0.000000,0.000000,0.000000,0.000000,0.000000,6.000000,12.000000,0.000000,24.000000,0.000000,0.000000,3.000000,0.000000,9.000000,12.000000,0.000000,0.000000,3.000000,203.000000,118.000000,12.000000,447.000000,432.000000,390.000000,1074.000000,540.000000,1041.000000,967.900000,944.000000,48.000000,0.000000,0.000000,400.000000,2720.000000,581.100000,504.000000,4555.604396,3248.000000,6375.364609,6220.059820,2249.435445,33139.464269,24029.290000,9110.174269,0.274904,0.000000
Chemical free poultry,0.000000,0.000000,0.000000,0.000000,0.000000,0.000000,0.000000,0.000000,0.000000,0.000000,0.000000,0.000000,0.000000,0.000000,0.000000,0.000000,0.000000,0.000000,0.000000,0.000000,0.000000,0.000000,0.000000,0.000000,592.000000,1887.000000,3996.000000,2849.000000,1406.000000,4081.400000,4088.400000,7637.300000,1029.000000,0.000000,0.000000,0.000000,0.000000,0.000000,0.000000,0.000000,0.000000,0.000000,0.000000,0.000000,27566.100000,22850.840000,4715.260000,0.171053,0.000000
Sea Food,0.000000,0.000000,0.000000,0.000000,0.000000,0.000000,0.000000,0.000000,0.000000,0.000000,0.000000,0.000000,0.000000,0.000000,0.000000,0.000000,0.000000,0.000000,0.000000,0.000000,0.000000,0.000000,0.000000,0.000000,0.000000,0.000000,0.000000,0.000000,0.000000,0.000000,0.000000,0.000000,0.000000,0.000000,0.000000,496.000000,3782.000000,1753.400000,1636.000000,1917.843537,3235.600000,2623.000000,4786.037733,6978.478371,27208.359641,18242.280000,8966.079641,0.329534,0.000000
Fresh veal,0.000000,0.000000,0.000000,0.000000,0.000000,0.000000,0.000000,1248.000000,936.000000,2184.000000,1560.000000,728.000000,1352.000000,1560.000000,1664.000000,832.000000,2184.000000,936.000000,1144.000000,1248.000000,1560.000000,832.000000,624.000000,1352.000000,2184.000000,0.000000,0.000000,0.000000,0.000000,0.000000,0.000000,0.000000,0.000000,0.000000,0.000000,0.000000,0.000000,0.000000,0.000000,0.000000,0.000000,0.000000,0.000000,0.000000,24128.000000,18480.000000,5648.000000,0.234085,0.000000
Eggs,0.000000,0.000000,0.000000,0.000000,0.000000,0.000000,0.000000,0.000000,0.000000,0.000000,0.000000,0.000000,0.000000,0.000000,0.000000,0.000000,0.000000,0.000000,0.000000,0.000000,0.000000,42.000000,357.000000,714.000000,882.000000,819.000000,756.000000,503.000000,678.000000,853.000000,1800.200000,2035.600000,325.000000,0.000000,0.000000,44.000000,2273.000000,1778.000000,1124.000000,1856.000000,2040.015094,1820.000000,2019.300135,987.540126,23706.655355,18255.700000,5450.955355,0.229934,0.000000
Delivery,0.000000,0.000000,0.000000,0.000000,0.000000,0.000000,0.000000,280.000000,1175.000000,1470.000000,1585.000000,1360.000000,1415.000000,1450.000000,815.000000,440.000000,1374.000000,1065.000000,1310.000000,893.761412,1075.000000,845.000000,905.000000,1065.000000,1385.000000,1770.000000,790.000000,210.000000,105.000000,70.000000,210.000000,175.000000,0.000000,0.000000,0.000000,0.000000,0.000000,0.000000,0.000000,0.000000,0.000000,0.000000,0.000000,0.000000,23237.761412,3200.000000,20037.761412,0.862293,0.000000
Nut butter,0.000000,0.000000,0.000000,0.000000,0.000000,0.000000,0.000000,0.000000,0.000000,0.000000,0.000000,0.000000,0.000000,0.000000,0.000000,0.000000,0.000000,0.000000,0.000000,0.000000,0.000000,0.000000,0.000000,0.000000,0.000000,0.000000,0.000000,0.000000,0.000000,0.000000,0.000000,0.000000,0.000000,0.000000,0.000000,0.000000,0.000000,0.000000,65.000000,2174.750000,2830.000000,6383.201999,6572.733399,4865.289206,22890.974604,18508.000000,4382.974604,0.191472,0.000000
Prepared food,0.000000,0.000000,0.000000,0.000000,0.000000,0.000000,0.000000,0.000000,0.000000,0.000000,0.000000,0.000000,0.000000,0.000000,0.000000,0.000000,0.000000,0.000000,0.000000,0.000000,0.000000,0.000000,0.000000,0.000000,0.000000,0.000000,0.000000,0.000000,0.000000,0.000000,0.000000,0.000000,0.000000,0.000000,0.000000,0.000000,0.000000,0.000000,785.000000,2160.000000,2535.000000,5185.000000,5914.585943,4822.000000,21401.585943,17004.570000,4397.015943,0.205453,0.000000
Home appliance,0.000000,0.000000,0.000000,0.000000,0.000000,0.000000,0.000000,0.000000,0.000000,0.000000,0.000000,0.000000,0.000000,0.000000,0.000000,0.000000,0.000000,0.000000,0.000000,0.000000,0.000000,0.000000,0.000000,0.000000,0.000000,0.000000,0.000000,0.000000,0.000000,0.000000,0.000000,0.000000,0.000000,0.000000,0.000000,0.000000,6253.000000,0.000000,0.000000,0.000000,0.000000,3400.000000,5250.000000,5250.000000,20153.000000,15535.350000,4617.650000,0.229130,0.000000
Chemical free vegetables,0.000000,0.000000,0.000000,0.000000,0.000000,0.000000,0.000000,0.000000,0.000000,0.000000,0.000000,0.000000,0.000000,0.000000,0.000000,0.000000,0.000000,0.000000,0.000000,0.000000,0.000000,0.000000,216.500000,1101.750000,1191.500000,1388.440000,622.760000,1139.000000,1545.750000,2432.420000,4344.920000,3521.220000,1073.310000,0.000000,0.000000,0.000000,0.000000,0.000000,0.000000,0.000000,0.000000,0.000000,0.000000,0.000000,18577.570000,14452.190000,4125.380000,0.222062,0.000000
Flour,0.000000,0.000000,0.000000,0.000000,0.000000,0.000000,0.000000,100.400000,416.250000,282.250000,996.800000,520.050000,778.000000,1059.850000,261.200000,219.300000,674.630000,488.250000,294.000000,269.900000,667.750000,251.750000,196.750000,637.750000,682.250000,483.000000,629.000000,871.000000,841.000000,1271.000000,1586.500000,1247.500000,432.000000,0.000000,0.000000,0.000000,0.000000,324.000000,0.000000,0.000000,0.000000,0.000000,0.000000,54.000000,16536.130000,13488.920000,3047.210000,0.184276,0.000000
Fish,0.000000,0.000000,323.130000,421.890000,694.200000,914.730000,653.400000,124.650000,349.020000,289.440000,354.510000,0.000000,0.000000,0.000000,0.000000,0.000000,453.594600,302.400000,0.000000,151.200000,302.400000,0.000000,0.000000,0.000000,166.000000,1533.000000,905.000000,776.200000,2392.100000,502.500000,2117.200000,1867.400000,451.350000,0.000000,0.000000,0.000000,0.000000,0.000000,0.000000,0.000000,0.000000,0.000000,0.000000,0.000000,16045.314600,12632.340000,3412.974600,0.212708,0.000000
Spices,0.000000,0.000000,0.000000,0.000000,0.000000,0.000000,0.000000,0.000000,106.000000,185.500000,79.500000,159.000000,159.000000,132.500000,79.500000,26.500000,181.125000,131.250000,0.000000,0.000000,0.000000,78.000000,191.500000,377.500000,204.000000,478.000000,249.800000,294.600000,873.900000,988.800000,877.700000,724.400000,168.250000,0.000000,0.000000,180.000000,940.150000,594.250000,228.000000,697.863850,521.000000,1772.997885,2985.711650,1030.903786,15697.202171,11579.940000,4117.262171,0.262293,0.000000
Vinegar,0.000000,0.000000,0.000000,0.000000,0.000000,0.000000,0.000000,27.900000,167.400000,27.900000,195.300000,111.600000,83.700000,167.400000,0.000000,0.000000,0.000000,210.000000,210.000000,35.000000,315.000000,105.000000,0.000000,0.000000,456.000000,266.000000,329.000000,215.000000,342.000000,1178.000000,932.900000,874.000000,114.000000,0.000000,0.000000,35.000000,1890.000000,560.000000,486.527580,1190.000000,980.000000,1347.961265,1271.987761,1145.567743,15270.144348,10872.430000,4397.714348,0.287994,0.000000
Fresh Produce,0.000000,0.000000,2427.140000,1715.520000,2433.670000,3174.370000,4261.310000,256.360000,0.000000,0.000000,0.000000,0.000000,0.000000,0.000000,0.000000,0.000000,0.000000,0.000000,0.000000,0.000000,0.000000,0.000000,0.000000,0.000000,0.000000,0.000000,0.000000,0.000000,0.000000,0.000000,0.000000,0.000000,0.000000,0.000000,0.000000,0.000000,0.000000,0.000000,0.000000,0.000000,0.000000,0.000000,0.000000,0.000000,14268.370000,11103.680000,3164.690000,0.221798,0.000000
Veal,0.000000,0.000000,0.000000,0.000000,0.000000,0.000000,0.000000,0.000000,0.000000,0.000000,0.000000,0.000000,0.000000,0.000000,0.000000,0.000000,0.000000,0.000000,0.000000,0.000000,0.000000,0.000000,0.000000,0.000000,0.000000,0.000000,0.000000,0.000000,0.000000,0.000000,0.000000,0.000000,0.000000,0.000000,0.000000,0.000000,3287.000000,3287.400000,1486.000000,1506.000000,3176.000000,312.000000,0.000000,1095.189783,14149.589783,10130.940000,4018.649783,0.284012,0.000000
Herbs,0.000000,0.000000,0.000000,0.000000,0.000000,0.000000,0.000000,0.000000,246.000000,89.000000,300.000000,329.000000,497.000000,288.000000,152.000000,71.000000,204.000000,241.000000,0.000000,175.000000,225.000000,63.000000,114.000000,36.500000,212.500000,615.000000,103.200000,463.400000,1147.060000,838.800000,290.600000,184.600000,35.000000,0.000000,0.000000,11.000000,1331.800000,728.550000,345.300000,328.048826,992.500000,1364.535593,1592.860428,344.832472,13960.087319,10328.860000,3631.227319,0.260115,0.000000
Bread,0.000000,0.000000,0.000000,0.000000,0.000000,0.000000,0.000000,0.000000,0.000000,0.000000,0.000000,0.000000,0.000000,0.000000,0.000000,0.000000,0.000000,0.000000,0.000000,0.000000,0.000000,0.000000,0.000000,0.000000,0.000000,369.500000,203.500000,553.725000,705.650000,833.500000,654.750000,498.000000,204.500000,0.000000,0.000000,222.000000,2222.500000,939.600000,255.723711,617.362637,1617.200000,1063.400000,1684.363934,744.000000,13389.275283,9584.370000,3804.905283,0.284176,0.000000
Milk,0.000000,0.000000,0.000000,0.000000,0.000000,0.000000,0.000000,63.800000,255.200000,95.700000,574.200000,957.000000,1116.500000,957.000000,63.800000,31.900000,705.600000,268.800000,537.600000,67.200000,0.000000,0.000000,0.000000,8.500000,0.000000,221.000000,221.000000,325.000000,382.500000,104.000000,144.000000,126.000000,28.000000,0.000000,0.000000,42.000000,1558.000000,980.000000,434.000000,322.000000,285.557252,280.000000,96.643614,686.000000,11938.500866,8771.880000,3166.620866,0.265244,0.000000
,0.000000,0.000000,0.000000,0.000000,0.000000,0.000000,0.000000,0.000000,0.000000,0.000000,0.000000,0.000000,0.000000,0.000000,0.000000,0.000000,0.000000,0.000000,0.000000,0.000000,0.000000,0.000000,0.000000,180.000000,585.000000,390.000000,800.000000,1410.000000,1700.000000,1720.000000,2060.000000,1860.000000,410.000000,0.000000,0.000000,0.000000,0.000000,0.000000,0.000000,0.000000,0.000000,0.000000,0.000000,0.000000,11115.000000,600.000000,10515.000000,0.946019,0.000000
Frozen fruits,0.000000,0.000000,0.000000,0.000000,0.000000,0.000000,0.000000,0.000000,0.000000,0.000000,0.000000,0.000000,0.000000,0.000000,0.000000,0.000000,0.000000,0.000000,0.000000,0.000000,0.000000,38.000000,524.500000,479.500000,106.000000,986.000000,778.000000,1494.890000,1770.000000,1147.000000,2101.000000,856.000000,714.000000,0.000000,0.000000,0.000000,0.000000,0.000000,0.000000,0.000000,0.000000,0.000000,0.000000,0.000000,10994.890000,8652.330000,2342.560000,0.213059,0.000000
Super foods,0.000000,0.000000,850.920000,1581.240000,2041.610000,2697.890000,3807.190000,0.000000,0.000000,0.000000,0.000000,0.000000,0.000000,0.000000,0.000000,0.000000,0.000000,0.000000,0.000000,0.000000,0.000000,0.000000,0.000000,0.000000,0.000000,0.000000,0.000000,0.000000,0.000000,0.000000,0.000000,0.000000,0.000000,0.000000,0.000000,0.000000,0.000000,0.000000,0.000000,0.000000,0.000000,0.000000,0.000000,0.000000,10978.850000,8954.080000,2024.770000,0.184425,0.000000
Dried Fruits & Nuts,0.000000,0.000000,1283.740000,824.790000,1202.160000,1781.840000,2948.240000,263.980000,573.700000,698.730000,600.800000,202.900000,0.000000,65.000000,0.000000,0.000000,0.000000,0.000000,0.000000,0.000000,0.000000,0.000000,36.000000,144.000000,36.000000,0.000000,0.000000,0.000000,0.000000,0.000000,0.000000,0.000000,0.000000,0.000000,0.000000,0.000000,0.000000,0.000000,0.000000,0.000000,0.000000,0.000000,0.000000,0.000000,10661.880000,7344.860000,3317.020000,0.311110,0.000000
Accessories,0.000000,0.000000,3.000000,0.000000,6.000000,35.000000,32.000000,0.000000,41.400000,0.000000,43.800000,0.000000,65.000000,15.000000,6.900000,0.000000,115.700000,13.800000,0.000000,13.800000,0.000000,71.900000,0.000000,0.000000,0.000000,0.000000,0.000000,342.000000,735.000000,0.000000,165.000000,5832.000000,2850.000000,0.000000,0.000000,0.000000,0.000000,0.000000,0.000000,0.000000,0.000000,0.000000,0.000000,0.000000,10387.300000,8395.250000,1992.050000,0.191777,0.000000
Crackers,0.000000,0.000000,0.000000,0.000000,0.000000,0.000000,0.000000,0.000000,33.500000,268.000000,67.000000,0.000000,67.000000,67.000000,0.000000,33.500000,0.000000,110.250000,73.500000,110.250000,0.000000,549.750000,582.500000,195.000000,252.000000,463.000000,379.000000,941.800000,928.350000,953.500000,953.140000,1223.000000,88.000000,0.000000,0.000000,132.000000,132.000000,0.000000,66.000000,0.000000,94.050000,33.000000,0.000000,0.000000,8796.090000,6948.430000,1847.660000,0.210055,0.000000
Beverages,0.000000,0.000000,0.000000,0.000000,0.000000,0.000000,0.000000,0.000000,0.000000,0.000000,0.000000,0.000000,0.000000,0.000000,0.000000,0.000000,0.000000,0.000000,0.000000,0.000000,0.000000,44.000000,44.000000,69.500000,78.000000,156.000000,78.000000,28.000000,396.000000,385.000000,667.700000,512.900000,194.000000,0.000000,0.000000,243.000000,1097.500000,611.000000,133.000000,392.000000,322.500000,478.000000,1462.000000,1382.000000,8774.100000,6579.720000,2194.380000,0.250097,0.000000
Lamb,0.000000,0.000000,0.000000,0.000000,0.000000,0.000000,0.000000,0.000000,0.000000,0.000000,0.000000,0.000000,0.000000,0.000000,0.000000,0.000000,0.000000,0.000000,0.000000,0.000000,0.000000,0.000000,0.000000,0.000000,0.000000,0.000000,0.000000,0.000000,0.000000,0.000000,0.000000,0.000000,0.000000,0.000000,0.000000,0.000000,772.500000,1163.500000,65.000000,390.000000,1324.000000,1448.000000,1469.003268,1513.178753,8145.182021,6168.360000,1976.822021,0.242698,0.000000
Grains & Cereal,0.000000,0.000000,963.240000,984.830000,977.150000,1904.370000,2577.850000,319.200000,0.000000,0.000000,0.000000,0.000000,0.000000,0.000000,0.000000,0.000000,0.000000,0.000000,0.000000,0.000000,0.000000,0.000000,0.000000,0.000000,0.000000,0.000000,0.000000,0.000000,0.000000,0.000000,0.000000,0.000000,0.000000,0.000000,0.000000,0.000000,0.000000,0.000000,0.000000,0.000000,0.000000,0.000000,0.000000,0.000000,7726.640000,6661.500000,1065.140000,0.137853,0.000000
cheese,0.000000,0.000000,0.000000,0.000000,0.000000,0.000000,0.000000,0.000000,0.000000,0.000000,0.000000,0.000000,0.000000,0.000000,0.000000,0.000000,0.000000,0.000000,0.000000,0.000000,0.000000,0.000000,0.000000,0.000000,0.000000,0.000000,0.000000,60.000000,805.000000,1252.950000,428.500000,295.250000,135.750000,0.000000,0.000000,0.000000,180.000000,300.000000,0.000000,444.000000,1190.000000,1460.667082,559.858772,405.161111,7517.136964,6210.100000,1307.036964,0.173874,0.000000
Herbal pharmacy,0.000000,0.000000,0.000000,0.000000,0.000000,0.000000,0.000000,0.000000,247.000000,152.000000,509.000000,1279.000000,246.000000,1049.000000,318.000000,241.000000,381.000000,2224.000000,207.000000,320.000000,37.000000,52.000000,0.000000,0.000000,0.000000,0.000000,0.000000,0.000000,0.000000,0.000000,0.000000,0.000000,0.000000,0.000000,0.000000,0.000000,0.000000,0.000000,0.000000,0.000000,0.000000,0.000000,0.000000,0.000000,7262.000000,6986.000000,276.000000,0.038006,0.000000
spreads,0.000000,0.000000,0.000000,0.000000,0.000000,0.000000,0.000000,0.000000,0.000000,0.000000,0.000000,0.000000,0.000000,0.000000,0.000000,0.000000,0.000000,0.000000,0.000000,0.000000,0.000000,0.000000,0.000000,0.000000,0.000000,95.000000,465.000000,785.000000,2605.000000,1570.000000,645.000000,35.000000,0.000000,0.000000,0.000000,0.000000,0.000000,0.000000,0.000000,0.000000,0.000000,0.000000,0.000000,0.000000,6200.000000,5096.000000,1104.000000,0.178065,0.000000
Chemical free produce,0.000000,0.000000,11.700000,0.000000,0.000000,50.700000,1552.730000,303.750000,547.800000,994.350000,860.910000,649.050000,787.170000,345.300000,0.000000,0.000000,0.000000,0.000000,0.000000,0.000000,0.000000,0.000000,0.000000,0.000000,0.000000,0.000000,0.000000,0.000000,0.000000,0.000000,0.000000,0.000000,0.000000,0.000000,0.000000,0.000000,0.000000,0.000000,0.000000,0.000000,0.000000,0.000000,0.000000,0.000000,6103.460000,4549.450000,1554.010000,0.254611,0.000000
Cookies,0.000000,0.000000,0.000000,0.000000,0.000000,0.000000,0.000000,0.000000,0.000000,0.000000,0.000000,0.000000,0.000000,0.000000,0.000000,0.000000,0.000000,35.100000,0.000000,71.500000,54.600000,0.000000,60.000000,160.000000,502.000000,509.000000,119.000000,366.100000,452.000000,813.500000,1782.150000,840.500000,54.000000,0.000000,0.000000,0.000000,0.000000,0.000000,0.000000,0.000000,0.000000,0.000000,0.000000,0.000000,5819.450000,4560.770000,1258.680000,0.216288,0.000000
Honey & Sweeteners,0.000000,0.000000,274.550000,86.450000,133.950000,510.000000,427.400000,300.000000,537.500000,271.900000,781.500000,187.500000,425.400000,309.400000,37.500000,150.000000,112.500000,131.300000,337.500000,255.000000,105.000000,162.700000,0.000000,0.000000,0.000000,0.000000,0.000000,0.000000,0.000000,0.000000,0.000000,0.000000,0.000000,0.000000,0.000000,0.000000,0.000000,0.000000,0.000000,0.000000,0.000000,0.000000,0.000000,0.000000,5537.050000,3841.520000,1695.530000,0.306215,0.000000
Whole sale,3041.295000,1595.625000,0.000000,0.000000,0.000000,0.000000,0.000000,0.000000,0.000000,0.000000,0.000000,0.000000,0.000000,0.000000,0.000000,0.000000,0.000000,0.000000,0.000000,0.000000,0.000000,0.000000,0.000000,0.000000,0.000000,0.000000,0.000000,0.000000,0.000000,0.000000,0.000000,0.000000,0.000000,0.000000,0.000000,0.000000,0.000000,0.000000,0.000000,0.000000,0.000000,0.000000,0.000000,0.000000,4636.920000,3870.775000,766.145000,0.165227,0.000000
Sauces,0.000000,0.000000,0.000000,0.000000,0.000000,0.000000,0.000000,0.000000,0.000000,0.000000,0.000000,0.000000,0.000000,0.000000,0.000000,0.000000,0.000000,0.000000,0.000000,0.000000,0.000000,0.000000,43.750000,43.750000,43.750000,0.000000,0.000000,0.000000,0.000000,0.000000,0.000000,0.000000,0.000000,0.000000,0.000000,0.000000,796.000000,596.000000,156.000000,638.419453,584.000000,474.634310,567.299466,464.000000,4407.603229,3228.310000,1179.293229,0.267559,0.000000
Jam,0.000000,0.000000,0.000000,0.000000,0.000000,0.000000,0.000000,0.000000,0.000000,0.000000,0.000000,0.000000,0.000000,0.000000,0.000000,0.000000,0.000000,0.000000,0.000000,0.000000,0.000000,0.000000,0.000000,0.000000,0.000000,0.000000,0.000000,0.000000,0.000000,0.000000,0.000000,0.000000,0.000000,0.000000,0.000000,0.000000,900.000000,651.000000,380.000000,120.000000,1092.000000,612.404040,116.931148,192.000000,4064.335188,2975.000000,1089.335188,0.268023,0.000000
Juices,0.000000,0.000000,0.000000,0.000000,0.000000,0.000000,0.000000,0.000000,0.000000,0.000000,0.000000,0.000000,0.000000,0.000000,0.000000,0.000000,0.000000,0.000000,0.000000,0.000000,0.000000,186.000000,341.000000,485.500000,217.000000,189.000000,0.000000,406.000000,476.000000,200.000000,913.400000,399.000000,143.000000,0.000000,0.000000,0.000000,0.000000,0.000000,0.000000,0.000000,0.000000,0.000000,0.000000,0.000000,3955.900000,3098.490000,857.410000,0.216742,0.000000
Chocolate,0.000000,0.000000,0.000000,0.000000,0.000000,0.000000,0.000000,0.000000,0.000000,0.000000,0.000000,0.000000,0.000000,0.000000,0.000000,0.000000,0.000000,0.000000,0.000000,0.000000,125.000000,55.000000,152.500000,152.500000,81.750000,546.500000,259.000000,689.000000,43.000000,677.000000,492.000000,43.000000,0.000000,0.000000,0.000000,0.000000,28.000000,0.000000,0.000000,0.000000,0.000000,0.000000,0.000000,0.000000,3344.250000,2168.000000,1176.250000,0.351723,0.000000
Herbal Drinks,0.000000,0.000000,60.100000,58.500000,54.050000,177.400000,150.750000,0.000000,49.600000,0.000000,49.600000,366.100000,76.100000,61.900000,0.000000,0.000000,203.300000,0.000000,0.000000,0.000000,0.000000,50.000000,37.500000,0.000000,0.000000,0.000000,0.000000,0.000000,0.000000,0.000000,0.000000,0.000000,0.000000,0.000000,0.000000,0.000000,522.000000,139.000000,162.000000,120.000000,316.000000,394.300000,201.914894,48.000000,3298.114894,2424.580000,873.534894,0.264859,0.000000
Ricenpasta,0.000000,0.000000,0.000000,0.000000,0.000000,0.000000,0.000000,41.900000,656.500000,265.400000,591.300000,83.800000,251.400000,167.600000,0.000000,0.000000,186.750000,47.250000,94.500000,236.250000,0.000000,111.750000,161.250000,99.000000,148.500000,0.000000,0.000000,0.000000,0.000000,0.000000,0.000000,0.000000,0.000000,0.000000,0.000000,0.000000,0.000000,0.000000,0.000000,0.000000,0.000000,0.000000,0.000000,0.000000,3143.150000,2640.200000,502.950000,0.160015,0.000000
Condiments,0.000000,0.000000,80.700000,69.330000,123.130000,188.340000,282.510000,0.000000,184.500000,153.000000,185.000000,159.750000,297.750000,160.250000,59.500000,100.750000,165.100000,103.500000,41.500000,26.500000,346.500000,148.500000,177.250000,62.750000,0.000000,0.000000,0.000000,10.000000,0.000000,0.000000,0.000000,0.000000,0.000000,0.000000,0.000000,0.000000,0.000000,0.000000,0.000000,0.000000,0.000000,0.000000,0.000000,0.000000,3126.110000,2610.400000,515.710000,0.164969,0.000000
Baking supplments,0.000000,0.000000,0.000000,0.000000,0.000000,0.000000,0.000000,26.500000,79.500000,79.500000,53.000000,26.500000,106.000000,132.500000,53.000000,79.500000,78.750000,52.500000,26.250000,52.500000,0.000000,0.000000,26.250000,94.250000,853.000000,584.000000,352.000000,136.000000,0.000000,42.000000,0.000000,27.000000,0.000000,0.000000,0.000000,0.000000,0.000000,0.000000,0.000000,0.000000,0.000000,0.000000,0.000000,0.000000,2960.500000,2292.760000,667.740000,0.225550,0.000000
Japanese cuisine,0.000000,0.000000,0.000000,0.000000,0.000000,0.000000,0.000000,0.000000,315.050000,31.900000,182.300000,67.500000,368.300000,249.550000,49.750000,0.000000,182.400000,150.400000,82.900000,0.000000,63.800000,0.000000,217.900000,190.900000,0.000000,0.000000,0.000000,0.000000,0.000000,0.000000,0.000000,0.000000,0.000000,0.000000,0.000000,0.000000,0.000000,0.000000,0.000000,0.000000,0.000000,0.000000,0.000000,0.000000,2152.650000,1856.600000,296.050000,0.137528,0.000000
Soy Products,0.000000,0.000000,106.000000,182.500000,291.500000,513.700000,898.550000,26.500000,0.000000,0.000000,0.000000,0.000000,0.000000,0.000000,0.000000,0.000000,0.000000,0.000000,0.000000,55.500000,0.000000,0.000000,0.000000,0.000000,0.000000,0.000000,0.000000,0.000000,0.000000,0.000000,0.000000,0.000000,0.000000,0.000000,0.000000,0.000000,0.000000,0.000000,0.000000,0.000000,0.000000,0.000000,0.000000,0.000000,2074.250000,1629.000000,445.250000,0.214656,0.000000
Gluten free baking,0.000000,0.000000,0.000000,0.000000,0.000000,0.000000,0.000000,41.500000,41.500000,88.250000,321.950000,152.050000,412.450000,91.250000,172.900000,83.000000,114.900000,0.000000,0.000000,0.000000,330.000000,99.000000,49.500000,33.000000,0.000000,0.000000,0.000000,0.000000,0.000000,0.000000,0.000000,0.000000,0.000000,0.000000,0.000000,0.000000,0.000000,0.000000,0.000000,0.000000,0.000000,0.000000,0.000000,0.000000,2031.250000,1706.550000,324.700000,0.159852,0.000000
Frozen,0.000000,0.000000,0.000000,0.000000,0.000000,0.000000,0.000000,0.000000,97.800000,195.600000,293.400000,0.000000,0.000000,0.000000,0.000000,0.000000,0.000000,0.000000,0.000000,0.000000,0.000000,37.500000,398.750000,888.750000,37.500000,0.000000,0.000000,0.000000,0.000000,0.000000,0.000000,0.000000,0.000000,0.000000,0.000000,0.000000,0.000000,0.000000,0.000000,0.000000,0.000000,0.000000,0.000000,0.000000,1949.300000,2144.000000,-194.700000,-0.099882,0.000000
Seeds,0.000000,0.000000,167.610000,152.610000,202.830000,197.610000,663.270000,15.000000,0.000000,0.000000,0.000000,0.000000,0.000000,0.000000,0.000000,0.000000,0.000000,0.000000,0.000000,0.000000,0.000000,0.000000,0.000000,0.000000,0.000000,0.000000,0.000000,0.000000,0.000000,0.000000,0.000000,0.000000,0.000000,0.000000,0.000000,0.000000,0.000000,0.000000,0.000000,0.000000,0.000000,0.000000,0.000000,0.000000,1398.930000,1140.950000,257.980000,0.184412,0.000000
Bundles,0.000000,0.000000,0.000000,0.000000,0.000000,0.000000,0.000000,0.000000,0.000000,0.000000,0.000000,0.000000,0.000000,0.000000,0.000000,0.000000,0.000000,0.000000,0.000000,0.000000,0.000000,0.000000,0.000000,0.000000,0.000000,0.000000,0.000000,0.000000,0.000000,0.000000,0.000000,0.000000,0.000000,0.000000,0.000000,0.000000,0.000000,0.000000,0.000000,0.000000,0.000000,0.000000,1200.000000,0.000000,1200.000000,0.000000,1200.000000,1.000000,0.000000
Organic fresh fruits & vegetables,0.000000,0.000000,0.000000,0.000000,0.000000,0.000000,0.000000,0.000000,0.000000,0.000000,0.000000,0.000000,0.000000,0.000000,0.000000,0.000000,0.000000,0.000000,0.000000,0.000000,0.000000,0.000000,339.750000,465.250000,391.750000,0.000000,0.000000,0.000000,0.000000,0.000000,0.000000,0.000000,0.000000,0.000000,0.000000,0.000000,0.000000,0.000000,0.000000,0.000000,0.000000,0.000000,0.000000,0.000000,1196.750000,956.150000,240.600000,0.201044,0.000000
Chemical free fruits,0.000000,0.000000,0.000000,0.000000,0.000000,0.000000,0.000000,0.000000,0.000000,0.000000,0.000000,0.000000,0.000000,0.000000,0.000000,0.000000,0.000000,0.000000,0.000000,0.000000,0.000000,0.000000,0.000000,0.000000,24.000000,0.000000,0.000000,0.000000,27.500000,24.000000,516.000000,392.000000,128.000000,0.000000,0.000000,0.000000,0.000000,0.000000,0.000000,0.000000,0.000000,0.000000,0.000000,0.000000,1111.500000,739.900000,371.600000,0.334323,0.000000
Whole sale,0.000000,0.000000,720.000000,0.000000,0.000000,0.000000,0.000000,0.000000,0.000000,0.000000,0.000000,0.000000,0.000000,90.000000,0.000000,0.000000,0.000000,0.000000,0.000000,90.000000,0.000000,0.000000,0.000000,0.000000,0.000000,0.000000,0.000000,0.000000,0.000000,0.000000,0.000000,0.000000,0.000000,0.000000,0.000000,0.000000,0.000000,0.000000,0.000000,0.000000,0.000000,0.000000,0.000000,0.000000,900.000000,700.000000,200.000000,0.222222,0.000000
Paste,0.000000,0.000000,0.000000,0.000000,0.000000,0.000000,0.000000,0.000000,0.000000,0.000000,0.000000,0.000000,0.000000,0.000000,0.000000,0.000000,0.000000,0.000000,0.000000,0.000000,0.000000,0.000000,0.000000,19.600000,19.600000,120.000000,40.000000,80.000000,100.000000,20.000000,282.000000,100.000000,40.000000,0.000000,0.000000,0.000000,0.000000,0.000000,0.000000,0.000000,0.000000,0.000000,0.000000,0.000000,821.200000,595.440000,225.760000,0.274915,0.000000
Nuts & Dried Fruits,678.010000,0.000000,0.000000,0.000000,0.000000,0.000000,0.000000,0.000000,0.000000,0.000000,0.000000,0.000000,0.000000,0.000000,0.000000,0.000000,0.000000,0.000000,0.000000,0.000000,0.000000,0.000000,0.000000,0.000000,0.000000,0.000000,0.000000,0.000000,0.000000,0.000000,0.000000,0.000000,0.000000,0.000000,0.000000,0.000000,0.000000,0.000000,0.000000,0.000000,0.000000,0.000000,0.000000,0.000000,678.010000,521.500000,156.510000,0.230837,0.000000
Baking mix,0.000000,0.000000,0.000000,0.000000,0.000000,0.000000,0.000000,0.000000,0.000000,0.000000,0.000000,0.000000,0.000000,0.000000,0.000000,0.000000,0.000000,0.000000,0.000000,0.000000,0.000000,0.000000,0.000000,0.000000,0.000000,70.000000,35.000000,105.000000,150.000000,0.000000,114.750000,35.000000,45.000000,0.000000,0.000000,0.000000,0.000000,0.000000,0.000000,0.000000,0.000000,0.000000,0.000000,0.000000,554.750000,490.000000,64.750000,0.116719,0.000000
Books,0.000000,0.000000,0.000000,0.000000,0.000000,0.000000,0.000000,0.000000,0.000000,0.000000,0.000000,360.000000,0.000000,0.000000,0.000000,0.000000,0.000000,0.000000,0.000000,0.000000,0.000000,0.000000,0.000000,180.000000,0.000000,0.000000,0.000000,0.000000,0.000000,0.000000,0.000000,0.000000,0.000000,0.000000,0.000000,0.000000,0.000000,0.000000,0.000000,0.000000,0.000000,0.000000,0.000000,0.000000,540.000000,486.000000,54.000000,0.100000,0.000000
Aquaponic vegetables,0.000000,0.000000,0.000000,0.000000,0.000000,0.000000,0.000000,0.000000,0.000000,0.000000,0.000000,0.000000,0.000000,0.000000,0.000000,0.000000,0.000000,0.000000,0.000000,0.000000,0.000000,0.000000,0.000000,65.500000,460.750000,0.000000,0.000000,0.000000,0.000000,0.000000,6.000000,0.000000,0.000000,0.000000,0.000000,0.000000,0.000000,0.000000,0.000000,0.000000,0.000000,0.000000,0.000000,0.000000,532.250000,420.000000,112.250000,0.210897,0.000000
pickles,0.000000,0.000000,0.000000,0.000000,0.000000,0.000000,0.000000,0.000000,0.000000,0.000000,0.000000,0.000000,0.000000,0.000000,0.000000,0.000000,0.000000,0.000000,0.000000,0.000000,0.000000,0.000000,0.000000,0.000000,0.000000,0.000000,0.000000,0.000000,0.000000,0.000000,0.000000,0.000000,0.000000,0.000000,0.000000,0.000000,0.000000,130.000000,0.000000,0.000000,194.000000,104.000000,48.000000,0.000000,476.000000,345.000000,131.000000,0.275210,0.000000
Tea,0.000000,0.000000,0.000000,0.000000,0.000000,0.000000,0.000000,0.000000,29.500000,0.000000,29.500000,59.000000,88.500000,0.000000,29.500000,0.000000,29.500000,29.500000,0.000000,0.000000,0.000000,29.500000,0.000000,0.000000,59.000000,0.000000,0.000000,25.000000,0.000000,0.000000,25.000000,25.000000,0.000000,0.000000,0.000000,0.000000,0.000000,0.000000,0.000000,0.000000,0.000000,0.000000,0.000000,0.000000,458.500000,375.400000,83.100000,0.181243,0.000000
Australian beef,0.000000,0.000000,0.000000,0.000000,0.000000,0.000000,0.000000,0.000000,250.000000,0.000000,0.000000,0.000000,142.000000,44.000000,0.000000,0.000000,0.000000,0.000000,0.000000,0.000000,0.000000,0.000000,0.000000,0.000000,0.000000,0.000000,0.000000,0.000000,0.000000,0.000000,0.000000,0.000000,0.000000,0.000000,0.000000,0.000000,0.000000,0.000000,0.000000,0.000000,0.000000,0.000000,0.000000,0.000000,436.000000,213.500000,222.500000,0.510321,0.000000
organic dried fruits,0.000000,0.000000,0.000000,0.000000,0.000000,0.000000,0.000000,0.000000,0.000000,0.000000,0.000000,0.000000,0.000000,0.000000,0.000000,0.000000,0.000000,0.000000,0.000000,0.000000,0.000000,0.000000,0.000000,0.000000,0.000000,0.000000,0.000000,0.000000,0.000000,0.000000,0.000000,0.000000,0.000000,0.000000,0.000000,0.000000,0.000000,84.000000,0.000000,0.000000,0.000000,0.000000,42.000000,210.000000,336.000000,240.000000,96.000000,0.285714,0.000000
No Type,65.000000,0.000000,0.000000,0.000000,0.000000,0.000000,0.000000,0.000000,0.000000,0.000000,0.000000,0.000000,0.000000,0.000000,0.000000,0.000000,249.750000,0.000000,0.000000,0.000000,0.000000,0.000000,0.000000,0.000000,0.000000,0.000000,0.000000,0.000000,0.000000,0.000000,0.000000,0.000000,0.000000,0.000000,0.000000,0.000000,0.000000,0.000000,0.000000,0.000000,0.000000,0.000000,0.000000,0.000000,314.750000,185.000000,129.750000,0.412232,0.000000
Herb,0.000000,0.000000,0.000000,0.000000,0.000000,0.000000,0.000000,0.000000,0.000000,0.000000,0.000000,0.000000,0.000000,0.000000,0.000000,0.000000,0.000000,0.000000,0.000000,0.000000,0.000000,0.000000,0.000000,0.000000,0.000000,0.000000,0.000000,0.000000,0.000000,0.000000,0.000000,0.000000,0.000000,0.000000,0.000000,0.000000,34.000000,59.000000,6.000000,14.000000,6.000000,12.000000,170.643324,0.000000,301.643324,135.750000,165.893324,0.549965,0.000000
Fresh fruits and vegetables,0.000000,0.000000,0.000000,0.000000,0.000000,0.000000,0.000000,0.000000,0.000000,0.000000,0.000000,0.000000,0.000000,0.000000,0.000000,0.000000,0.000000,0.000000,0.000000,0.000000,0.000000,0.000000,0.000000,0.000000,0.000000,0.000000,0.000000,0.000000,0.000000,0.000000,0.000000,0.000000,0.000000,0.000000,0.000000,275.000000,0.000000,0.000000,0.000000,0.000000,0.000000,0.000000,0.000000,0.000000,275.000000,0.000000,275.000000,1.000000,0.000000
Grains,266.960000,0.000000,0.000000,0.000000,0.000000,0.000000,0.000000,0.000000,0.000000,0.000000,0.000000,0.000000,0.000000,0.000000,0.000000,0.000000,0.000000,0.000000,0.000000,0.000000,0.000000,0.000000,0.000000,0.000000,0.000000,0.000000,0.000000,0.000000,0.000000,0.000000,0.000000,0.000000,0.000000,0.000000,0.000000,0.000000,0.000000,0.000000,0.000000,0.000000,0.000000,0.000000,0.000000,0.000000,266.960000,205.350000,61.610000,0.230784,0.000000
Jams and Spreads,0.000000,0.000000,0.000000,0.000000,0.000000,0.000000,0.000000,0.000000,95.000000,65.000000,20.000000,0.000000,45.000000,25.000000,0.000000,0.000000,0.000000,0.000000,0.000000,0.000000,0.000000,0.000000,0.000000,0.000000,0.000000,0.000000,0.000000,0.000000,0.000000,0.000000,0.000000,0.000000,0.000000,0.000000,0.000000,0.000000,0.000000,0.000000,0.000000,0.000000,0.000000,0.000000,0.000000,0.000000,250.000000,110.000000,140.000000,0.560000,0.000000
Soda,0.000000,0.000000,0.000000,0.000000,0.000000,0.000000,0.000000,0.000000,0.000000,0.000000,0.000000,0.000000,0.000000,0.000000,0.000000,0.000000,0.000000,0.000000,0.000000,0.000000,0.000000,0.000000,0.000000,13.500000,54.000000,28.000000,0.000000,42.000000,56.000000,0.000000,0.000000,54.600000,0.000000,0.000000,0.000000,0.000000,0.000000,0.000000,0.000000,0.000000,0.000000,0.000000,0.000000,0.000000,248.100000,183.380000,64.720000,0.260863,0.000000
cosmetics,162.290000,0.000000,25.000000,0.000000,0.000000,0.000000,0.000000,0.000000,0.000000,0.000000,0.000000,0.000000,0.000000,0.000000,0.000000,0.000000,0.000000,0.000000,0.000000,0.000000,0.000000,0.000000,0.000000,0.000000,0.000000,0.000000,0.000000,0.000000,0.000000,0.000000,0.000000,0.000000,0.000000,0.000000,0.000000,0.000000,0.000000,0.000000,0.000000,0.000000,0.000000,0.000000,0.000000,0.000000,187.290000,112.380000,74.910000,0.399968,0.000000
Vegetable,0.000000,0.000000,0.000000,0.000000,0.000000,0.000000,0.000000,0.000000,0.000000,0.000000,0.000000,0.000000,0.000000,0.000000,0.000000,0.000000,0.000000,0.000000,0.000000,0.000000,0.000000,0.000000,0.000000,0.000000,0.000000,0.000000,0.000000,0.000000,0.000000,0.000000,0.000000,0.000000,0.000000,0.000000,0.000000,0.000000,0.000000,0.000000,0.000000,0.000000,0.000000,0.000000,146.165766,8.100000,154.265766,83.700000,70.565766,0.457430,0.000000
Healthy & Supper food juices,0.000000,0.000000,0.000000,0.000000,0.000000,0.000000,0.000000,0.000000,0.000000,0.000000,0.000000,0.000000,0.000000,0.000000,0.000000,0.000000,0.000000,0.000000,0.000000,0.000000,0.000000,0.000000,82.500000,41.250000,0.000000,0.000000,0.000000,0.000000,0.000000,0.000000,0.000000,0.000000,0.000000,0.000000,0.000000,0.000000,0.000000,0.000000,0.000000,0.000000,0.000000,0.000000,0.000000,0.000000,123.750000,99.000000,24.750000,0.200000,0.000000
Rice & Pasta,107.900000,0.000000,0.000000,0.000000,0.000000,0.000000,0.000000,0.000000,0.000000,0.000000,0.000000,0.000000,0.000000,0.000000,0.000000,0.000000,0.000000,0.000000,0.000000,0.000000,0.000000,0.000000,0.000000,0.000000,0.000000,0.000000,0.000000,0.000000,0.000000,0.000000,0.000000,0.000000,0.000000,0.000000,0.000000,0.000000,0.000000,0.000000,0.000000,0.000000,0.000000,0.000000,0.000000,0.000000,107.900000,83.000000,24.900000,0.230769,0.000000
Oils,102.060000,0.000000,0.000000,0.000000,0.000000,0.000000,0.000000,0.000000,0.000000,0.000000,0.000000,0.000000,0.000000,0.000000,0.000000,0.000000,0.000000,0.000000,0.000000,0.000000,0.000000,0.000000,0.000000,0.000000,0.000000,0.000000,0.000000,0.000000,0.000000,0.000000,0.000000,0.000000,0.000000,0.000000,0.000000,0.000000,0.000000,0.000000,0.000000,0.000000,0.000000,0.000000,0.000000,0.000000,102.060000,77.400000,24.660000,0.241623,0.000000
Teas & Herbs,66.700000,0.000000,0.000000,0.000000,0.000000,0.000000,0.000000,0.000000,0.000000,0.000000,0.000000,0.000000,0.000000,0.000000,0.000000,0.000000,0.000000,0.000000,0.000000,0.000000,0.000000,0.000000,0.000000,0.000000,0.000000,0.000000,0.000000,0.000000,0.000000,0.000000,0.000000,0.000000,0.000000,0.000000,0.000000,0.000000,0.000000,0.000000,0.000000,0.000000,0.000000,0.000000,0.000000,0.000000,66.700000,51.300000,15.400000,0.230885,0.000000
Cereals & Snacks,54.600000,0.000000,0.000000,0.000000,0.000000,0.000000,0.000000,0.000000,0.000000,0.000000,0.000000,0.000000,0.000000,0.000000,0.000000,0.000000,0.000000,0.000000,0.000000,0.000000,0.000000,0.000000,0.000000,0.000000,0.000000,0.000000,0.000000,0.000000,0.000000,0.000000,0.000000,0.000000,0.000000,0.000000,0.000000,0.000000,0.000000,0.000000,0.000000,0.000000,0.000000,0.000000,0.000000,0.000000,54.600000,42.000000,12.600000,0.230769,0.000000
milk,52.020000,0.000000,0.000000,0.000000,0.000000,0.000000,0.000000,0.000000,0.000000,0.000000,0.000000,0.000000,0.000000,0.000000,0.000000,0.000000,0.000000,0.000000,0.000000,0.000000,0.000000,0.000000,0.000000,0.000000,0.000000,0.000000,0.000000,0.000000,0.000000,0.000000,0.000000,0.000000,0.000000,0.000000,0.000000,0.000000,0.000000,0.000000,0.000000,0.000000,0.000000,0.000000,0.000000,0.000000,52.020000,40.000000,12.020000,0.231065,0.000000
Herbs and spices,0.000000,0.000000,0.000000,0.000000,0.000000,0.000000,0.000000,0.000000,0.000000,0.000000,0.000000,0.000000,0.000000,0.000000,0.000000,0.000000,0.000000,0.000000,0.000000,0.000000,0.000000,0.000000,0.000000,0.000000,0.000000,0.000000,0.000000,0.000000,0.000000,0.000000,0.000000,0.000000,0.000000,0.000000,0.000000,0.000000,0.000000,0.000000,0.000000,11.000000,0.000000,0.000000,28.000000,12.647297,51.647297,33.000000,18.647297,0.361051,0.000000
Oil & Vinegar,0.000000,0.000000,0.000000,0.000000,0.000000,0.000000,0.000000,0.000000,0.000000,0.000000,0.000000,0.000000,0.000000,0.000000,0.000000,0.000000,0.000000,0.000000,0.000000,0.000000,0.000000,0.000000,0.000000,51.500000,0.000000,0.000000,0.000000,0.000000,0.000000,0.000000,0.000000,0.000000,0.000000,0.000000,0.000000,0.000000,0.000000,0.000000,0.000000,0.000000,0.000000,0.000000,0.000000,0.000000,51.500000,41.250000,10.250000,0.199029,0.000000
whole grain,0.000000,0.000000,51.000000,0.000000,0.000000,0.000000,0.000000,0.000000,0.000000,0.000000,0.000000,0.000000,0.000000,0.000000,0.000000,0.000000,0.000000,0.000000,0.000000,0.000000,0.000000,0.000000,0.000000,0.000000,0.000000,0.000000,0.000000,0.000000,0.000000,0.000000,0.000000,0.000000,0.000000,0.000000,0.000000,0.000000,0.000000,0.000000,0.000000,0.000000,0.000000,0.000000,0.000000,0.000000,51.000000,37.800000,13.200000,0.258824,0.000000
Dried fruits,0.000000,0.000000,0.000000,0.000000,0.000000,0.000000,0.000000,0.000000,0.000000,0.000000,0.000000,0.000000,0.000000,0.000000,0.000000,0.000000,0.000000,0.000000,0.000000,0.000000,0.000000,0.000000,50.000000,0.000000,0.000000,0.000000,0.000000,0.000000,0.000000,0.000000,0.000000,0.000000,0.000000,0.000000,0.000000,0.000000,0.000000,0.000000,0.000000,0.000000,0.000000,0.000000,0.000000,0.000000,50.000000,40.000000,10.000000,0.200000,0.000000
Beverages,48.600000,0.000000,0.000000,0.000000,0.000000,0.000000,0.000000,0.000000,0.000000,0.000000,0.000000,0.000000,0.000000,0.000000,0.000000,0.000000,0.000000,0.000000,0.000000,0.000000,0.000000,0.000000,0.000000,0.000000,0.000000,0.000000,0.000000,0.000000,0.000000,0.000000,0.000000,0.000000,0.000000,0.000000,0.000000,0.000000,0.000000,0.000000,0.000000,0.000000,0.000000,0.000000,0.000000,0.000000,48.600000,27.000000,21.600000,0.444444,0.000000
Organic herbs,0.000000,0.000000,0.000000,0.000000,0.000000,0.000000,0.000000,0.000000,0.000000,0.000000,0.000000,0.000000,0.000000,0.000000,0.000000,0.000000,0.000000,0.000000,0.000000,0.000000,0.000000,0.000000,0.000000,25.000000,12.500000,0.000000,0.000000,0.000000,0.000000,0.000000,0.000000,0.000000,0.000000,0.000000,0.000000,0.000000,0.000000,0.000000,0.000000,0.000000,0.000000,0.000000,0.000000,0.000000,37.500000,30.000000,7.500000,0.200000,0.000000
Bread&Bakry,0.000000,0.000000,0.000000,0.000000,0.000000,0.000000,0.000000,0.000000,0.000000,0.000000,0.000000,0.000000,0.000000,0.000000,0.000000,0.000000,34.500000,0.000000,0.000000,0.000000,0.000000,0.000000,0.000000,0.000000,0.000000,0.000000,0.000000,0.000000,0.000000,0.000000,0.000000,0.000000,0.000000,0.000000,0.000000,0.000000,0.000000,0.000000,0.000000,0.000000,0.000000,0.000000,0.000000,0.000000,34.500000,0.000000,34.500000,1.000000,0.000000
Fruits & Vegetables,26.000000,0.000000,0.000000,0.000000,0.000000,0.000000,0.000000,0.000000,0.000000,0.000000,0.000000,0.000000,0.000000,0.000000,0.000000,0.000000,0.000000,0.000000,0.000000,0.000000,0.000000,0.000000,0.000000,0.000000,0.000000,0.000000,0.000000,0.000000,0.000000,0.000000,0.000000,0.000000,0.000000,0.000000,0.000000,0.000000,0.000000,0.000000,0.000000,0.000000,0.000000,0.000000,0.000000,0.000000,26.000000,20.000000,6.000000,0.230769,0.000000
Food Supplements,22.100000,0.000000,0.000000,0.000000,0.000000,0.000000,0.000000,0.000000,0.000000,0.000000,0.000000,0.000000,0.000000,0.000000,0.000000,0.000000,0.000000,0.000000,0.000000,0.000000,0.000000,0.000000,0.000000,0.000000,0.000000,0.000000,0.000000,0.000000,0.000000,0.000000,0.000000,0.000000,0.000000,0.000000,0.000000,0.000000,0.000000,0.000000,0.000000,0.000000,0.000000,0.000000,0.000000,0.000000,22.100000,17.000000,5.100000,0.230769,0.000000

Revenue,4693.535000,1595.625000,28398.750000,10560.950000,16641.540000,21394.600020,30732.509990,10578.470000,38287.140000,36890.100000,41131.260000,31963.410000,38493.980000,34543.570000,20186.940000,10399.950000,41651.331920,30036.290000,31093.140000,23292.820000,27136.350000,20499.490000,26502.720000,33688.520000,51920.640000,54413.890000,47055.190000,64843.335000,87836.552500,90774.890000,101295.820000,89081.370000,23443.240000,0.000000,0.000000,10695.230000,254543.675000,138006.314800,67975.671000,108992.550000,133722.645000,149446.600000,187747.050000,126114.640000
Cost of Goods,3735.205000,1322.500000,20474.926000,7793.589970,12501.829920,16259.700000,23239.360000,7879.210000,27938.090000,27405.620000,31420.170000,24826.930000,29621.840000,26275.110000,15300.240000,7904.080000,31598.897500,23103.630000,21414.600000,16313.190000,20369.610000,15345.470000,19491.100000,25789.530000,38978.900000,43130.910000,35615.860000,48846.860000,67187.770000,64512.860000,73958.330000,62813.840000,17252.410000,0.000000,0.000000,1884.120000,176960.400000,97442.570000,50298.510000,76465.040000,96111.280000,104147.750000,133516.110000,90883.050000
Gross Profit,958.330000,273.125000,7923.824000,2767.360030,4139.710080,5134.900020,7493.149990,2699.260000,10349.050000,9484.480000,9711.090000,7136.480000,8872.140000,8268.460000,4886.700000,2495.870000,10052.434420,6932.660000,9678.540000,6979.630000,6766.740000,5154.020000,7011.620000,7898.990000,12941.740000,11282.980000,11439.330000,15996.475000,20648.782500,26262.030000,27337.490000,26267.530000,6190.830000,0.000000,0.000000,8811.110000,77583.275000,40563.744800,17677.161000,32527.510000,37611.365000,45298.850000,54230.940000,35231.590000
Margin,0.204181,0.171171,0.279020,0.262037,0.248758,0.240009,0.243818,0.255165,0.270301,0.257101,0.236100,0.223270,0.230481,0.239363,0.242072,0.239989,0.241347,0.230809,0.311276,0.299647,0.249361,0.251422,0.264562,0.234471,0.249260,0.207355,0.243105,0.246694,0.235082,0.289309,0.269878,0.294871,0.264077,0.000000,0.000000,0.823835,0.304794,0.293927,0.260051,0.298438,0.281264,0.303111,0.288851,0.279362
Tax,0.000000,0.000000,0.000000,0.000000,0.000000,0.000000,0.000000,0.000000,0.000000,0.000000,0.000000,0.000000,0.000000,0.000000,0.000000,0.000000,0.000000,0.000000,0.000000,0.000000,0.000000,0.000000,0.000000,0.000000,0.000000,0.000000,0.000000,0.000000,0.000000,0.000000,0.000000,0.000000,0.000000,0.000000,0.000000,0.000000,0.000000,0.000000,0.000000,0.000000,0.000000,0.000000,0.000000,0.000000
