Product,SKU,Supplier Code,Brand,Supplier,Type,Tag,May 2012,Jun 2012,Jul 2012,Aug 2012,Sep 2012,Oct 2012,Nov 2012,Dec 2012,Jan 2013,Feb 2013,Mar 2013,Apr 2013,May 2013,Jun 2013,Jul 2013,Aug 2013,Sep 2013,Oct 2013,Nov 2013,Dec 2013,Jan 2014,Feb 2014,Mar 2014,Apr 2014,May 2014,Jun 2014,Jul 2014,Aug 2014,Sep 2014,Oct 2014,Nov 2014,Dec 2014,Jan 2015,Feb 2015,Mar 2015,Apr 2015,May 2015,Jun 2015,Jul 2015,Aug 2015,Sep 2015,Oct 2015,Nov 2015,Dec 2015,Jan 2016,Gross Profit,Revenue,Cost of Goods,Margin,Tax
Quinoa ( white ) - organic / 454g,106900,,"Eden Foods, Inc.",Hv,Grains,,0.000000,0.000000,0.000000,0.000000,0.000000,0.000000,0.000000,20.700000,117.300000,179.400000,151.800000,124.200000,110.400000,0.000000,0.000000,0.000000,681.510000,418.000000,858.000000,154.000000,180.000000,15.000000,576.000000,704.000000,1086.500000,235.620000,490.300000,440.420000,1539.800000,772.170000,924.700000,1007.400000,180.000000,0.000000,0.000000,0.000000,0.000000,0.000000,0.000000,0.000000,0.000000,0.000000,0.000000,0.000000,0.000000,10967.220000,62300.960000,51333.740000,0.176036,0.000000
Chicken Breasts / 1kg,ChickenBreasts,,NGS,Shahd,Fresh poultry,,0.000000,0.000000,0.000000,0.000000,0.000000,0.000000,0.000000,93.240000,269.360000,404.040000,569.800000,331.520000,486.920000,466.200000,207.200000,341.880000,414.400000,362.600000,393.680000,290.080000,341.880000,331.520000,372.960000,449.680000,440.000000,912.000000,714.000000,1050.000000,1190.000000,1092.000000,1222.000000,1008.000000,400.000000,0.000000,0.000000,0.000000,0.000000,0.000000,0.000000,0.000000,0.000000,0.000000,0.000000,0.000000,0.000000,14154.960000,59336.960000,45182.000000,0.238552,0.000000
Chicken breast - Hormone free (frozen),80001,,NGS,Shahd,Poultry,Frozen,0.000000,0.000000,0.000000,0.000000,0.000000,0.000000,0.000000,0.000000,0.000000,0.000000,0.000000,0.000000,0.000000,0.000000,0.000000,0.000000,0.000000,0.000000,0.000000,0.000000,0.000000,0.000000,0.000000,0.000000,0.000000,0.000000,0.000000,0.000000,0.000000,0.000000,0.000000,0.000000,0.000000,0.000000,0.000000,16.000000,2705.990000,511.987350,177.000000,1574.595289,1204.101685,2863.985465,2752.317151,2797.519987,916.000000,15519.496928,53388.136928,37868.640000,0.290692,0.000000
Coconut oil (organic),101001,,,Divine coconut,Oil,"Super food, Weight loss, Oil",0.000000,0.000000,0.000000,0.000000,0.000000,0.000000,0.000000,0.000000,0.000000,0.000000,0.000000,0.000000,0.000000,0.000000,0.000000,0.000000,0.000000,0.000000,0.000000,0.000000,0.000000,0.000000,0.000000,0.000000,0.000000,0.000000,0.000000,0.000000,0.000000,0.000000,0.000000,0.000000,0.000000,0.000000,0.000000,144.000000,2412.000000,544.400000,525.505155,1057.800000,849.665409,1029.338577,2018.907080,1135.163715,570.000000,10286.779935,44342.779935,34056.000000,0.231983,0.000000
Whole Chicken / 1kg,WholeChicken,,NGS,Shahd,Fresh poultry,,0.000000,0.000000,0.000000,0.000000,0.000000,0.000000,0.000000,34.500000,310.500000,496.800000,241.500000,358.800000,545.100000,241.500000,331.200000,131.100000,641.700000,241.500000,393.300000,572.700000,441.600000,420.900000,276.000000,331.200000,305.100000,486.000000,252.000000,360.000000,403.200000,432.000000,432.000000,540.000000,120.000000,0.000000,0.000000,0.000000,0.000000,0.000000,0.000000,0.000000,0.000000,0.000000,0.000000,0.000000,0.000000,9340.200000,40680.500000,31340.300000,0.229599,0.000000
Whole chicken - Hormone free (frozen),80005,,NGS,Shahd,Poultry,Frozen,0.000000,0.000000,0.000000,0.000000,0.000000,0.000000,0.000000,0.000000,0.000000,0.000000,0.000000,0.000000,0.000000,0.000000,0.000000,0.000000,0.000000,0.000000,0.000000,0.000000,0.000000,0.000000,0.000000,0.000000,0.000000,0.000000,0.000000,0.000000,0.000000,0.000000,0.000000,0.000000,0.000000,0.000000,0.000000,0.000000,1502.800000,538.210000,309.960000,559.250000,683.000000,1466.771348,1106.884098,1497.515614,1185.190000,8849.581060,26600.371060,17750.790000,0.332686,0.000000
Beef mince - no fat (chemical free) - frozen,151006,,NGS,El rancho,Beef,"Frozen, Chemical free, Beef",0.000000,0.000000,0.000000,0.000000,0.000000,0.000000,0.000000,0.000000,0.000000,0.000000,0.000000,0.000000,0.000000,0.000000,0.000000,0.000000,0.000000,0.000000,0.000000,0.000000,0.000000,0.000000,0.000000,0.000000,0.000000,0.000000,0.000000,0.000000,0.000000,0.000000,0.000000,0.000000,0.000000,0.000000,0.000000,0.000000,1568.000000,1004.960000,828.640653,1170.120000,488.790000,253.594969,655.193746,703.168377,380.000000,7052.467745,24219.747745,17167.280000,0.291187,0.000000
Beef fillet (chemical free) - frozen,151003,,NGS,El rancho,Beef,"Frozen, Chemical free, Beef",0.000000,0.000000,0.000000,0.000000,0.000000,0.000000,0.000000,0.000000,0.000000,0.000000,0.000000,0.000000,0.000000,0.000000,0.000000,0.000000,0.000000,0.000000,0.000000,0.000000,0.000000,0.000000,0.000000,0.000000,0.000000,0.000000,0.000000,0.000000,0.000000,0.000000,0.000000,0.000000,0.000000,0.000000,0.000000,42.800000,525.600000,440.100000,891.361809,425.310680,541.420000,624.215336,379.786253,972.828042,1288.000000,6131.422120,23632.772120,17501.350000,0.259446,0.000000
Salmon steak (frozen),451001,,,Red Coral,Sea Food,Frozen,0.000000,0.000000,0.000000,0.000000,0.000000,0.000000,0.000000,0.000000,0.000000,0.000000,0.000000,0.000000,0.000000,0.000000,0.000000,0.000000,0.000000,0.000000,0.000000,0.000000,0.000000,0.000000,0.000000,0.000000,0.000000,0.000000,0.000000,0.000000,0.000000,0.000000,0.000000,0.000000,0.000000,0.000000,0.000000,0.000000,1078.000000,516.200000,484.000000,548.043537,1043.600000,959.000000,1108.875700,1113.018221,880.000000,7730.737459,22730.737459,15000.000000,0.340101,0.000000
Cairo above 150 L.E orders,Cairoabove150LEorders,,Freight,Freight,General,,0.000000,0.000000,0.000000,0.000000,0.000000,0.000000,0.000000,0.000000,0.000000,0.000000,0.000000,0.000000,0.000000,0.000000,0.000000,0.000000,0.000000,0.000000,0.000000,0.000000,0.000000,0.000000,0.000000,0.000000,0.000000,0.000000,0.000000,0.000000,0.000000,0.000000,0.000000,0.000000,0.000000,0.000000,0.000000,185.000000,4660.000000,2082.624782,980.424870,2020.670198,1848.049762,2586.345982,2981.765426,2168.016538,1417.235660,20930.133219,20930.133219,0.000000,1.000000,0.000000
Inside Cairo delivery fee,InsideCairodeliveryfee,,Freight,Freight,Delivery,,0.000000,0.000000,0.000000,0.000000,0.000000,0.000000,0.000000,280.000000,990.000000,1140.000000,1240.000000,1110.000000,1250.000000,1270.000000,650.000000,410.000000,1139.000000,820.000000,800.000000,708.761412,730.000000,640.000000,720.000000,900.000000,1210.000000,0.000000,0.000000,0.000000,0.000000,0.000000,0.000000,0.000000,0.000000,0.000000,0.000000,0.000000,0.000000,0.000000,0.000000,0.000000,0.000000,0.000000,0.000000,0.000000,0.000000,16007.761412,18207.761412,2200.000000,0.879172,0.000000
Balady Whole Chicken(chemical free) / Default,501005,,,Tabiey,Poultry,"Frozen, Chemical free",0.000000,0.000000,0.000000,0.000000,0.000000,0.000000,0.000000,0.000000,0.000000,0.000000,0.000000,0.000000,0.000000,0.000000,0.000000,0.000000,0.000000,0.000000,0.000000,0.000000,0.000000,0.000000,0.000000,0.000000,0.000000,0.000000,0.000000,0.000000,0.000000,0.000000,0.000000,0.000000,0.000000,0.000000,0.000000,0.000000,370.000000,-10.000000,170.000000,420.000000,540.943396,440.000000,360.229340,407.328391,676.640000,3375.141127,17598.501127,14223.360000,0.191786,0.000000
Maple syrup (organic),281102,,,Hv,Sweeteners,"Organic, Sweeteners",0.000000,0.000000,0.000000,0.000000,0.000000,0.000000,0.000000,0.000000,0.000000,0.000000,0.000000,0.000000,0.000000,0.000000,0.000000,0.000000,0.000000,0.000000,0.000000,0.000000,0.000000,0.000000,0.000000,0.000000,0.000000,0.000000,0.000000,0.000000,0.000000,0.000000,0.000000,0.000000,0.000000,0.000000,0.000000,24.750000,1138.500000,471.500474,64.847938,396.000000,272.250000,480.600000,415.324793,156.750000,142.500000,3563.023205,14948.773205,11385.750000,0.238349,0.000000
Cairo,Cairo,,Freight,Freight,General,,0.000000,0.000000,0.000000,0.000000,0.000000,0.000000,0.000000,0.000000,0.000000,0.000000,0.000000,0.000000,0.000000,0.000000,0.000000,0.000000,0.000000,0.000000,0.000000,0.000000,0.000000,0.000000,0.000000,0.000000,0.000000,0.000000,0.000000,0.000000,0.000000,0.000000,0.000000,0.000000,0.000000,0.000000,0.000000,90.000000,2445.000000,1050.000000,705.000000,987.374904,1698.236995,1903.656250,2165.138042,2073.087930,1063.718447,14181.212568,14181.212568,0.000000,1.000000,0.000000
Beef cubes (chemical free) - frozen,151001,,NGS,El rancho,Beef,"Frozen, Chemical free, Beef",0.000000,0.000000,0.000000,0.000000,0.000000,0.000000,0.000000,0.000000,0.000000,0.000000,0.000000,0.000000,0.000000,0.000000,0.000000,0.000000,0.000000,0.000000,0.000000,0.000000,0.000000,0.000000,0.000000,0.000000,0.000000,0.000000,0.000000,0.000000,0.000000,0.000000,0.000000,0.000000,0.000000,0.000000,0.000000,0.000000,666.500000,791.560000,129.965097,211.090000,486.000000,240.030000,427.134626,671.768114,247.000000,3871.047837,14080.077837,10209.030000,0.274931,0.000000
Avocados (imported),20002,,NGS,Agrovate,Fruits,Fresh,0.000000,0.000000,0.000000,0.000000,0.000000,0.000000,0.000000,0.000000,0.000000,0.000000,0.000000,0.000000,0.000000,0.000000,0.000000,0.000000,0.000000,0.000000,0.000000,0.000000,0.000000,0.000000,0.000000,0.000000,0.000000,0.000000,0.000000,0.000000,0.000000,0.000000,0.000000,0.000000,0.000000,0.000000,0.000000,0.000000,796.000000,292.500000,95.000000,341.500000,594.500000,492.722082,453.742824,537.462287,368.700000,3972.127193,13267.827193,9295.700000,0.299380,0.000000
Balady eggs (organic),461002,,,Sara nour,Eggs,"Organic, Eggs",0.000000,0.000000,0.000000,0.000000,0.000000,0.000000,0.000000,0.000000,0.000000,0.000000,0.000000,0.000000,0.000000,0.000000,0.000000,0.000000,0.000000,0.000000,0.000000,0.000000,0.000000,0.000000,0.000000,0.000000,0.000000,0.000000,0.000000,0.000000,0.000000,0.000000,0.000000,0.000000,0.000000,0.000000,0.000000,9.000000,414.000000,380.500000,175.500000,344.500000,351.000000,481.000000,531.800135,361.384953,183.700000,3232.385088,12822.385088,9590.000000,0.252089,0.000000
Avocado,Avocado,,Kheir Misr,Rafic,Fresh fruits,,0.000000,0.000000,0.000000,0.000000,0.000000,0.000000,0.000000,55.800000,142.600000,130.200000,186.000000,105.400000,175.950000,172.240000,54.190000,83.640000,160.310000,90.610000,132.430000,50.395673,62.730000,53.860000,77.940000,118.640000,101.520000,0.000000,0.000000,0.000000,0.000000,0.000000,0.000000,0.000000,0.000000,0.000000,0.000000,0.000000,0.000000,0.000000,0.000000,0.000000,0.000000,0.000000,0.000000,0.000000,0.000000,1954.455673,12049.565673,10095.110000,0.162201,0.000000
Coconut oil,281015,,,Hv,Oil,"Super food, Weight loss, Oil",0.000000,0.000000,0.000000,0.000000,0.000000,0.000000,0.000000,0.000000,0.000000,0.000000,0.000000,0.000000,0.000000,0.000000,0.000000,0.000000,0.000000,0.000000,0.000000,0.000000,0.000000,0.000000,0.000000,0.000000,0.000000,0.000000,0.000000,0.000000,0.000000,0.000000,0.000000,0.000000,0.000000,0.000000,0.000000,0.000000,109.000000,255.000000,75.000000,375.000000,250.000000,695.642334,515.337838,340.140647,245.000000,2860.120819,11703.120819,8843.000000,0.244390,0.000000
Beef escalope (chemical free) - frozen,151002,,NGS,El rancho,Beef,"Frozen, Chemical free, Beef",0.000000,0.000000,0.000000,0.000000,0.000000,0.000000,0.000000,0.000000,0.000000,0.000000,0.000000,0.000000,0.000000,0.000000,0.000000,0.000000,0.000000,0.000000,0.000000,0.000000,0.000000,0.000000,0.000000,0.000000,0.000000,0.000000,0.000000,0.000000,0.000000,0.000000,0.000000,0.000000,0.000000,0.000000,0.000000,0.000000,651.000000,375.780000,125.090000,0.000000,153.000000,569.519090,218.552700,456.017237,297.400000,2846.359028,11229.349028,8382.990000,0.253475,0.000000
Beef mince (chemical free) - frozen,151007,,NGS,El rancho,Beef,"Frozen, Chemical free, Beef",0.000000,0.000000,0.000000,0.000000,0.000000,0.000000,0.000000,0.000000,0.000000,0.000000,0.000000,0.000000,0.000000,0.000000,0.000000,0.000000,0.000000,0.000000,0.000000,0.000000,0.000000,0.000000,0.000000,0.000000,0.000000,0.000000,0.000000,0.000000,0.000000,0.000000,0.000000,0.000000,0.000000,0.000000,0.000000,0.000000,52.000000,312.000000,16.880000,354.480000,573.920000,506.720656,412.922303,621.670345,131.340000,2981.933303,10344.633303,7362.700000,0.288259,0.000000
Unsweetened almond milk,281046,,,Hv,Non-dairy milk,,0.000000,0.000000,0.000000,0.000000,0.000000,0.000000,0.000000,0.000000,0.000000,0.000000,0.000000,0.000000,0.000000,0.000000,0.000000,0.000000,0.000000,0.000000,0.000000,0.000000,0.000000,0.000000,0.000000,0.000000,0.000000,0.000000,0.000000,0.000000,0.000000,0.000000,0.000000,0.000000,0.000000,0.000000,0.000000,7.000000,834.750000,772.500000,201.250000,318.500000,227.500000,0.000000,0.000000,0.000000,0.000000,2361.500000,10191.000000,7829.500000,0.231724,0.000000
Apple cider vinegar ( organic ),281052,,,Hv,Vinegar,Vinegar,0.000000,0.000000,0.000000,0.000000,0.000000,0.000000,0.000000,0.000000,0.000000,0.000000,0.000000,0.000000,0.000000,0.000000,0.000000,0.000000,0.000000,0.000000,0.000000,0.000000,0.000000,0.000000,0.000000,0.000000,0.000000,0.000000,0.000000,0.000000,0.000000,0.000000,0.000000,0.000000,0.000000,0.000000,0.000000,0.000000,840.000000,140.000000,119.027580,297.500000,245.000000,324.211265,300.737761,335.568432,66.000000,2668.045038,9830.665038,7162.620000,0.271400,0.000000
Raw honey (organic),461040,,,Sara nour,Honey,"Organic, honey",0.000000,0.000000,0.000000,0.000000,0.000000,0.000000,0.000000,0.000000,0.000000,0.000000,0.000000,0.000000,0.000000,0.000000,0.000000,0.000000,0.000000,0.000000,0.000000,0.000000,0.000000,0.000000,0.000000,0.000000,0.000000,0.000000,0.000000,0.000000,0.000000,0.000000,0.000000,0.000000,0.000000,0.000000,0.000000,0.000000,0.000000,67.100000,104.000000,260.000000,338.000000,307.200000,725.904781,480.235445,299.000000,2581.440226,9826.440226,7245.000000,0.262703,0.000000
Avocadoes ( imported ),ImportedAvocadoes,,NGS,Agrovate,Fresh fruits,,0.000000,0.000000,0.000000,0.000000,0.000000,0.000000,0.000000,0.000000,0.000000,0.000000,0.000000,0.000000,0.000000,0.000000,0.000000,0.000000,0.000000,0.000000,0.000000,0.000000,0.000000,0.000000,0.000000,0.000000,53.500000,115.500000,131.250000,252.000000,313.950000,341.600000,589.300000,414.600000,72.800000,0.000000,0.000000,0.000000,0.000000,0.000000,0.000000,0.000000,0.000000,0.000000,0.000000,0.000000,0.000000,2284.500000,9742.300000,7457.800000,0.234493,0.000000
Almond butter,711002,,,Fitnuts,Nut butter,"Weight loss, gluten free, Healthy snacks",0.000000,0.000000,0.000000,0.000000,0.000000,0.000000,0.000000,0.000000,0.000000,0.000000,0.000000,0.000000,0.000000,0.000000,0.000000,0.000000,0.000000,0.000000,0.000000,0.000000,0.000000,0.000000,0.000000,0.000000,0.000000,0.000000,0.000000,0.000000,0.000000,0.000000,0.000000,0.000000,0.000000,0.000000,0.000000,0.000000,0.000000,0.000000,13.000000,162.000000,143.000000,331.722222,351.000000,594.345747,234.000000,1829.067970,9473.067970,7644.000000,0.193081,0.000000
Top side steak (chemical free) - frozen,151012,,NGS,El rancho,Beef,"Frozen, Chemical free, Beef",0.000000,0.000000,0.000000,0.000000,0.000000,0.000000,0.000000,0.000000,0.000000,0.000000,0.000000,0.000000,0.000000,0.000000,0.000000,0.000000,0.000000,0.000000,0.000000,0.000000,0.000000,0.000000,0.000000,0.000000,0.000000,0.000000,0.000000,0.000000,0.000000,0.000000,0.000000,0.000000,0.000000,0.000000,0.000000,0.000000,783.500000,293.390000,211.210000,97.500000,221.740000,395.060000,138.385472,170.505355,266.000000,2577.290827,9219.890827,6642.600000,0.279536,0.000000
Kale / Default,Kale,,NGS,MAKAR,Fresh vegetables,,0.000000,0.000000,0.000000,0.000000,0.000000,0.000000,0.000000,0.000000,0.000000,0.000000,0.000000,0.000000,0.000000,0.000000,0.000000,0.000000,0.000000,0.000000,0.000000,0.000000,0.000000,0.000000,0.000000,52.500000,242.500000,208.000000,200.000000,356.000000,168.000000,212.000000,240.000000,336.000000,48.000000,0.000000,0.000000,0.000000,0.000000,0.000000,0.000000,0.000000,0.000000,0.000000,0.000000,0.000000,0.000000,2063.000000,9203.000000,7140.000000,0.224166,0.000000
Coconut flour (Organic),281014,,,Hv,Baking products,"Weight loss, gluten free, Vegan, Baking Products",0.000000,0.000000,0.000000,0.000000,0.000000,0.000000,0.000000,0.000000,0.000000,0.000000,0.000000,0.000000,0.000000,0.000000,0.000000,0.000000,0.000000,0.000000,0.000000,0.000000,0.000000,0.000000,0.000000,0.000000,0.000000,0.000000,0.000000,0.000000,0.000000,0.000000,0.000000,0.000000,0.000000,0.000000,0.000000,0.000000,178.500000,191.250000,38.250000,467.500000,446.250000,225.528689,331.136258,87.750000,78.750000,2044.914946,9091.414946,7046.500000,0.224928,0.000000
Cairo above 150 L.E orders,Cairoabove150LEorders,,Freight,Freight,,,0.000000,0.000000,0.000000,0.000000,0.000000,0.000000,0.000000,0.000000,0.000000,0.000000,0.000000,0.000000,0.000000,0.000000,0.000000,0.000000,0.000000,0.000000,0.000000,0.000000,0.000000,0.000000,0.000000,0.000000,0.000000,0.000000,540.000000,1320.000000,1600.000000,1600.000000,1860.000000,1610.000000,410.000000,0.000000,0.000000,0.000000,0.000000,0.000000,0.000000,0.000000,0.000000,0.000000,0.000000,0.000000,0.000000,8940.000000,8940.000000,0.000000,1.000000,0.000000
Raw almonds - shelled / 250g,AlmondsRawShelled,,NGS,Auf,Nuts,,0.000000,0.000000,0.000000,0.000000,0.000000,0.000000,0.000000,19.350000,116.100000,83.850000,131.250000,93.000000,85.250000,116.310000,126.900000,25.380000,109.980000,102.180000,161.000000,129.750000,56.000000,49.000000,110.250000,49.000000,80.520000,102.700000,56.440000,69.120000,125.315000,88.520000,127.620000,213.360000,43.750000,0.000000,0.000000,0.000000,0.000000,0.000000,0.000000,0.000000,0.000000,0.000000,0.000000,0.000000,0.000000,2471.895000,8769.805000,6297.910000,0.281864,0.000000
Stevia,281043,,,Hv,Sweeteners,"Weight loss, Sweeteners",0.000000,0.000000,0.000000,0.000000,0.000000,0.000000,0.000000,0.000000,0.000000,0.000000,0.000000,0.000000,0.000000,0.000000,0.000000,0.000000,0.000000,0.000000,0.000000,0.000000,0.000000,0.000000,0.000000,0.000000,0.000000,0.000000,0.000000,0.000000,0.000000,0.000000,0.000000,0.000000,0.000000,0.000000,0.000000,0.000000,282.000000,195.000000,60.000000,240.000000,135.000000,450.000000,0.000000,345.250000,202.199495,1909.449495,8747.949495,6838.500000,0.218274,0.000000
Balady Whole Chicken(chemical free) / None,None,,,Tabiey,Poultry,,0.000000,0.000000,0.000000,0.000000,0.000000,0.000000,0.000000,0.000000,0.000000,0.000000,0.000000,0.000000,0.000000,0.000000,0.000000,0.000000,0.000000,0.000000,0.000000,0.000000,0.000000,0.000000,0.000000,0.000000,0.000000,0.000000,0.000000,0.000000,0.000000,0.000000,0.000000,0.000000,0.000000,0.000000,0.000000,227.500000,0.000000,0.000000,0.000000,90.000000,400.000000,500.336700,448.923657,143.351111,0.000000,1810.111468,8686.871468,6876.760000,0.208373,0.000000
Balady eggs ( chemical free ),Eggbaldy,,NGS,Sara nour,Eggs,,0.000000,0.000000,0.000000,0.000000,0.000000,0.000000,0.000000,0.000000,0.000000,0.000000,0.000000,0.000000,0.000000,0.000000,0.000000,0.000000,0.000000,0.000000,0.000000,0.000000,0.000000,9.000000,76.500000,153.000000,189.000000,175.500000,162.000000,103.500000,45.000000,67.500000,310.500000,396.000000,49.500000,0.000000,0.000000,0.000000,0.000000,0.000000,0.000000,0.000000,0.000000,0.000000,0.000000,0.000000,0.000000,1737.000000,8299.000000,6562.000000,0.209302,0.000000
Cairo,Cairo,,Freight,Freight,General,,0.000000,0.000000,80.000000,0.000000,0.000000,0.000000,0.000000,0.000000,0.000000,0.000000,0.000000,0.000000,0.000000,0.000000,0.000000,0.000000,0.000000,0.000000,0.000000,0.000000,0.000000,0.000000,0.000000,0.000000,0.000000,0.000000,720.000000,1170.000000,1215.000000,1680.000000,1440.000000,1500.000000,210.000000,0.000000,0.000000,0.000000,0.000000,0.000000,0.000000,0.000000,0.000000,0.000000,0.000000,0.000000,0.000000,8015.000000,8015.000000,0.000000,1.000000,0.000000
Baby spinach (chemical free),341004,,,MAKAR,Vegetables,"Fresh, Chemical free",0.000000,0.000000,0.000000,0.000000,0.000000,0.000000,0.000000,0.000000,0.000000,0.000000,0.000000,0.000000,0.000000,0.000000,0.000000,0.000000,0.000000,0.000000,0.000000,0.000000,0.000000,0.000000,0.000000,0.000000,0.000000,0.000000,0.000000,0.000000,0.000000,0.000000,0.000000,0.000000,0.000000,0.000000,0.000000,6.000000,348.000000,135.000000,150.000000,412.882353,381.000000,647.869589,411.448163,284.713844,136.516505,2913.430453,7903.430453,4990.000000,0.368629,0.000000
Chicken cutlets - Hormone free - (Shishtawook) - frozen,80002,,NGS,Shahd,Poultry,Frozen,0.000000,0.000000,0.000000,0.000000,0.000000,0.000000,0.000000,0.000000,0.000000,0.000000,0.000000,0.000000,0.000000,0.000000,0.000000,0.000000,0.000000,0.000000,0.000000,0.000000,0.000000,0.000000,0.000000,0.000000,0.000000,0.000000,0.000000,0.000000,0.000000,0.000000,0.000000,0.000000,0.000000,0.000000,0.000000,0.000000,341.000000,188.590000,176.770000,49.970000,40.000000,375.260000,294.710000,307.549443,94.080000,1867.929443,7444.249443,5576.320000,0.250922,0.000000
Quinoa (Chemical free) - Local,621001,,,EGY VEGGIE,Grains,"Organic, Whole grain, High performance, super foods",0.000000,0.000000,0.000000,0.000000,0.000000,0.000000,0.000000,0.000000,0.000000,0.000000,0.000000,0.000000,0.000000,0.000000,0.000000,0.000000,0.000000,0.000000,0.000000,0.000000,0.000000,0.000000,0.000000,0.000000,0.000000,0.000000,0.000000,0.000000,0.000000,0.000000,0.000000,0.000000,0.000000,0.000000,0.000000,0.000000,36.000000,248.520000,96.000000,72.000000,496.200000,207.000000,249.000000,246.403000,12.000000,1663.123000,7093.123000,5430.000000,0.234470,0.000000
Beef liver ( Chemical free ) - frozen,151005,,NGS,El rancho,Beef,"Frozen, Chemical free, Beef",0.000000,0.000000,0.000000,0.000000,0.000000,0.000000,0.000000,0.000000,0.000000,0.000000,0.000000,0.000000,0.000000,0.000000,0.000000,0.000000,0.000000,0.000000,0.000000,0.000000,0.000000,0.000000,0.000000,0.000000,0.000000,0.000000,0.000000,0.000000,0.000000,0.000000,0.000000,0.000000,0.000000,0.000000,0.000000,0.000000,156.000000,200.140000,61.500000,164.000000,294.240000,220.070000,278.340000,271.584098,162.000000,1807.874098,6992.524098,5184.650000,0.258544,0.000000
Hamburger (chemical free) - frozen,151010,,NGS,El rancho,Beef,"Frozen, Chemical free, Beef",0.000000,0.000000,0.000000,0.000000,0.000000,0.000000,0.000000,0.000000,0.000000,0.000000,0.000000,0.000000,0.000000,0.000000,0.000000,0.000000,0.000000,0.000000,0.000000,0.000000,0.000000,0.000000,0.000000,0.000000,0.000000,0.000000,0.000000,0.000000,0.000000,0.000000,0.000000,0.000000,0.000000,0.000000,0.000000,0.000000,9.500000,0.000000,72.500000,101.500000,649.800000,366.180000,295.060181,204.821725,231.910000,1931.271907,5832.461907,3901.190000,0.331125,0.000000
Tomato ( chemical free ),461030,,,Sara nour,Vegetables,"Fresh, Chemical free",0.000000,0.000000,0.000000,0.000000,0.000000,0.000000,0.000000,0.000000,0.000000,0.000000,0.000000,0.000000,0.000000,0.000000,0.000000,0.000000,0.000000,0.000000,0.000000,0.000000,0.000000,0.000000,0.000000,0.000000,0.000000,0.000000,0.000000,0.000000,0.000000,0.000000,0.000000,0.000000,0.000000,0.000000,0.000000,0.000000,331.670000,90.750000,85.250000,151.250000,281.580000,486.432460,430.765389,251.604531,217.300000,2326.602379,5774.222379,3447.620000,0.402929,0.000000
Brown rice ( Egyptian ) / 750g,PremiumBrownRice,,Kheir Misr,IMN,Rice,,0.000000,0.000000,0.000000,0.000000,0.000000,0.000000,0.000000,0.000000,48.000000,33.600000,38.400000,16.800000,48.000000,64.650000,22.800000,11.400000,28.500000,8.550000,22.800000,8.550000,25.650000,48.450000,37.050000,34.200000,20.550000,96.600000,124.200000,172.340000,145.200000,139.740000,136.250000,181.500000,57.580000,0.000000,0.000000,0.000000,0.000000,0.000000,0.000000,0.000000,0.000000,0.000000,0.000000,0.000000,0.000000,1571.360000,5771.350000,4199.990000,0.272269,0.000000
Raw almonds (shelled) 250g,40017,,NGS,Auf,Nuts,Nuts,0.000000,0.000000,0.000000,0.000000,0.000000,0.000000,0.000000,0.000000,0.000000,0.000000,0.000000,0.000000,0.000000,0.000000,0.000000,0.000000,0.000000,0.000000,0.000000,0.000000,0.000000,0.000000,0.000000,0.000000,0.000000,0.000000,0.000000,0.000000,0.000000,0.000000,0.000000,0.000000,0.000000,0.000000,0.000000,0.000000,315.860000,94.120000,93.800000,144.665228,187.340000,133.820000,236.632396,191.967778,94.610000,1492.815402,5201.275402,3708.460000,0.287009,0.000000
Bananas (imported),20005,,NGS,Agrovate,Fruits,Fresh,0.000000,0.000000,0.000000,0.000000,0.000000,0.000000,0.000000,0.000000,0.000000,0.000000,0.000000,0.000000,0.000000,0.000000,0.000000,0.000000,0.000000,0.000000,0.000000,0.000000,0.000000,0.000000,0.000000,0.000000,0.000000,0.000000,0.000000,0.000000,0.000000,0.000000,0.000000,0.000000,0.000000,0.000000,0.000000,0.000000,127.080000,62.520000,49.500000,157.750000,253.750000,335.129167,282.024743,99.378820,0.000000,1367.132729,4939.862729,3572.730000,0.276755,0.000000
Camel milk - Hormone free (frozen),90001,,NGS,Camel milk,Milk,"Frozen, Chemical free, Milk",0.000000,0.000000,0.000000,0.000000,0.000000,0.000000,0.000000,0.000000,0.000000,0.000000,0.000000,0.000000,0.000000,0.000000,0.000000,0.000000,0.000000,0.000000,0.000000,0.000000,0.000000,0.000000,0.000000,0.000000,0.000000,0.000000,0.000000,0.000000,0.000000,0.000000,0.000000,0.000000,0.000000,0.000000,0.000000,0.000000,505.000000,350.000000,142.400000,85.170000,79.127252,86.720000,26.703614,255.851724,83.400000,1614.372590,4874.752590,3260.380000,0.331170,0.000000
Sixth of October,SixthofOctober,,Freight,Freight,General,,0.000000,0.000000,0.000000,0.000000,0.000000,0.000000,0.000000,0.000000,0.000000,0.000000,0.000000,0.000000,0.000000,0.000000,0.000000,0.000000,0.000000,0.000000,0.000000,0.000000,0.000000,0.000000,0.000000,0.000000,0.000000,0.000000,0.000000,0.000000,0.000000,0.000000,0.000000,0.000000,0.000000,0.000000,0.000000,0.000000,665.000000,525.000000,420.000000,296.985294,285.000000,630.000000,947.091787,760.576103,175.000000,4704.653184,4704.653184,0.000000,1.000000,0.000000
Banana,Banana,,Kheir Misr,Rafic,Fresh vegetables,,0.000000,0.000000,0.000000,0.000000,0.000000,0.000000,0.000000,9.200000,32.200000,41.400000,57.500000,39.100000,73.050000,72.040000,39.860000,38.640000,57.960000,41.400000,71.760000,53.193487,35.880000,24.840000,41.400000,26.720000,49.440000,0.000000,0.000000,0.000000,0.000000,0.000000,0.000000,0.000000,0.000000,0.000000,0.000000,0.000000,0.000000,0.000000,0.000000,0.000000,0.000000,0.000000,0.000000,0.000000,0.000000,805.583487,4694.363487,3888.780000,0.171607,0.000000
Kale (chemical free),341021,,,MAKAR,Vegetables,"Chemical free, Greens",0.000000,0.000000,0.000000,0.000000,0.000000,0.000000,0.000000,0.000000,0.000000,0.000000,0.000000,0.000000,0.000000,0.000000,0.000000,0.000000,0.000000,0.000000,0.000000,0.000000,0.000000,0.000000,0.000000,0.000000,0.000000,0.000000,0.000000,0.000000,0.000000,0.000000,0.000000,0.000000,0.000000,0.000000,0.000000,0.000000,162.000000,183.000000,147.000000,585.934272,91.000000,77.000000,120.410964,0.000000,84.000000,1450.345237,4660.345237,3210.000000,0.311210,0.000000
Mushroom,6224000090531,,NGS,Souna,Fresh vegetables,,0.000000,0.000000,0.000000,0.000000,0.000000,0.000000,0.000000,2.290000,36.640000,43.510000,80.150000,36.640000,44.400000,37.440000,30.420000,23.400000,35.100000,28.080000,23.400000,21.060000,37.440000,25.740000,32.760000,25.740000,26.880000,57.500000,35.000000,51.600000,92.500000,42.500000,0.000000,0.000000,0.000000,0.000000,0.000000,0.000000,0.000000,0.000000,0.000000,0.000000,0.000000,0.000000,0.000000,0.000000,0.000000,870.190000,4339.180000,3468.990000,0.200542,0.000000
Yellow carrot ( chemical free ),Organicyellowcarrot,,NGS,Sara nour,Fresh vegetables,,0.000000,0.000000,0.000000,0.000000,0.000000,0.000000,0.000000,0.000000,0.000000,0.000000,0.000000,0.000000,0.000000,0.000000,0.000000,0.000000,0.000000,0.000000,0.000000,0.000000,0.000000,0.000000,0.000000,0.000000,35.000000,57.000000,90.000000,96.000000,135.000000,186.000000,220.000000,140.000000,91.000000,0.000000,0.000000,0.000000,0.000000,0.000000,0.000000,0.000000,0.000000,0.000000,0.000000,0.000000,0.000000,1050.000000,4177.000000,3127.000000,0.251377,0.000000
Baby spinach,babyspinach,,NGS,MAKAR,Fresh vegetables,,0.000000,0.000000,0.000000,0.000000,0.000000,0.000000,0.000000,0.000000,0.000000,0.000000,0.000000,0.000000,0.000000,0.000000,0.000000,0.000000,0.000000,0.000000,0.000000,0.000000,0.000000,0.000000,0.000000,20.000000,80.000000,127.750000,176.000000,70.000000,165.300000,136.000000,163.000000,174.000000,24.000000,0.000000,0.000000,0.000000,0.000000,0.000000,0.000000,0.000000,0.000000,0.000000,0.000000,0.000000,0.000000,1136.050000,3802.300000,2666.250000,0.298780,0.000000
Cucumber ( chemical free ),OrganicCucumber,,NGS,Sara nour,Fresh vegetables,,0.000000,0.000000,0.000000,0.000000,0.000000,0.000000,0.000000,0.000000,0.000000,0.000000,0.000000,0.000000,0.000000,0.000000,0.000000,0.000000,0.000000,0.000000,0.000000,0.000000,0.000000,0.000000,17.500000,22.500000,52.000000,65.100000,46.000000,94.000000,94.780000,124.500000,84.000000,79.500000,32.500000,0.000000,0.000000,0.000000,0.000000,0.000000,0.000000,0.000000,0.000000,0.000000,0.000000,0.000000,0.000000,712.380000,3415.400000,2703.020000,0.208579,0.000000
Brown rice ( Egyptian ),291003,,NGS,IMN,Rice,"Weight loss, Whole grain, Rice",0.000000,0.000000,0.000000,0.000000,0.000000,0.000000,0.000000,0.000000,0.000000,0.000000,0.000000,0.000000,0.000000,0.000000,0.000000,0.000000,0.000000,0.000000,0.000000,0.000000,0.000000,0.000000,0.000000,0.000000,0.000000,0.000000,0.000000,0.000000,0.000000,0.000000,0.000000,0.000000,0.000000,0.000000,0.000000,0.000000,253.600000,106.200000,72.900000,52.386444,70.450000,56.750000,146.518480,218.310000,90.000000,1067.114923,3408.924923,2341.810000,0.313036,0.000000
Tomato ( chemical free ),OrganicTomato,,NGS,Sara nour,Fresh vegetables,,0.000000,0.000000,0.000000,0.000000,0.000000,0.000000,0.000000,0.000000,0.000000,0.000000,0.000000,0.000000,0.000000,0.000000,0.000000,0.000000,0.000000,0.000000,0.000000,0.000000,0.000000,0.000000,22.500000,28.500000,60.000000,58.000000,56.000000,94.000000,110.950000,101.000000,162.000000,138.000000,32.000000,0.000000,0.000000,0.000000,0.000000,0.000000,0.000000,0.000000,0.000000,0.000000,0.000000,0.000000,0.000000,862.950000,3355.300000,2492.350000,0.257190,0.000000
Cucumber (chemical free),461006,,,Sara nour,Vegetables,"Fresh, Organic",0.000000,0.000000,0.000000,0.000000,0.000000,0.000000,0.000000,0.000000,0.000000,0.000000,0.000000,0.000000,0.000000,0.000000,0.000000,0.000000,0.000000,0.000000,0.000000,0.000000,0.000000,0.000000,0.000000,0.000000,0.000000,0.000000,0.000000,0.000000,0.000000,0.000000,0.000000,0.000000,0.000000,0.000000,0.000000,4.500000,222.750000,79.750000,69.300000,159.230769,188.000000,178.750000,337.440246,123.369057,118.950000,1482.040072,3342.220072,1860.180000,0.443430,0.000000
Kale (chemical free) / Default,501020,,,Tabiey,Vegetables,"Super food, Chemical free, Greens",0.000000,0.000000,0.000000,0.000000,0.000000,0.000000,0.000000,0.000000,0.000000,0.000000,0.000000,0.000000,0.000000,0.000000,0.000000,0.000000,0.000000,0.000000,0.000000,0.000000,0.000000,0.000000,0.000000,0.000000,0.000000,0.000000,0.000000,0.000000,0.000000,0.000000,0.000000,0.000000,0.000000,0.000000,0.000000,0.000000,0.000000,0.000000,0.000000,0.000000,55.000000,0.000000,1057.074214,390.759772,168.000000,1670.833987,3199.873987,1529.040000,0.522156,0.000000
Sea salt ( potugese ) - fine grind 453g,281037,,,Hv,Spices,Spices,0.000000,0.000000,0.000000,0.000000,0.000000,0.000000,0.000000,0.000000,0.000000,0.000000,0.000000,0.000000,0.000000,0.000000,0.000000,0.000000,0.000000,0.000000,0.000000,0.000000,0.000000,0.000000,0.000000,0.000000,0.000000,0.000000,0.000000,0.000000,0.000000,0.000000,0.000000,0.000000,0.000000,0.000000,0.000000,0.000000,107.500000,55.500000,37.500000,87.183099,37.500000,120.000000,179.629983,93.181644,45.000000,762.994726,3137.994726,2375.000000,0.243147,0.000000
Baking soda 453g,281003,,,Hv,Baking products,"gluten free, Baking Products",0.000000,0.000000,0.000000,0.000000,0.000000,0.000000,0.000000,0.000000,0.000000,0.000000,0.000000,0.000000,0.000000,0.000000,0.000000,0.000000,0.000000,0.000000,0.000000,0.000000,0.000000,0.000000,0.000000,0.000000,0.000000,0.000000,0.000000,0.000000,0.000000,0.000000,0.000000,0.000000,0.000000,0.000000,0.000000,0.000000,115.000000,75.000000,15.000000,90.000000,112.500000,135.000000,120.000000,47.250000,31.500000,741.250000,3135.000000,2393.750000,0.236443,0.000000
Sixth of October above 300 L.E,SixthofOctoberabove300LE,,Freight,Freight,General,,0.000000,0.000000,0.000000,0.000000,0.000000,0.000000,0.000000,0.000000,0.000000,0.000000,0.000000,0.000000,0.000000,0.000000,0.000000,0.000000,0.000000,0.000000,0.000000,0.000000,0.000000,0.000000,0.000000,0.000000,0.000000,0.000000,0.000000,0.000000,0.000000,0.000000,0.000000,0.000000,0.000000,0.000000,0.000000,40.000000,340.000000,340.000000,20.000000,180.000000,380.000000,460.000000,398.085653,553.390837,360.000000,3071.476491,3071.476491,0.000000,1.000000,0.000000
Zucchini ( chemical free ),Organiczucchini,,NGS,Sara nour,Fresh vegetables,,0.000000,0.000000,0.000000,0.000000,0.000000,0.000000,0.000000,0.000000,0.000000,0.000000,0.000000,0.000000,0.000000,0.000000,0.000000,0.000000,0.000000,0.000000,0.000000,0.000000,0.000000,0.000000,3.000000,30.000000,43.500000,52.000000,64.000000,56.000000,106.000000,145.000000,127.500000,105.000000,68.000000,0.000000,0.000000,0.000000,0.000000,0.000000,0.000000,0.000000,0.000000,0.000000,0.000000,0.000000,0.000000,800.000000,2902.500000,2102.500000,0.275624,0.000000
Sweet potatoes (Chemical free),141009,,NGS,El Hoda,Vegetables,"Fresh, Chemical free",0.000000,0.000000,0.000000,0.000000,0.000000,0.000000,0.000000,0.000000,0.000000,0.000000,0.000000,0.000000,0.000000,0.000000,0.000000,0.000000,0.000000,0.000000,0.000000,0.000000,0.000000,0.000000,0.000000,0.000000,0.000000,0.000000,0.000000,0.000000,0.000000,0.000000,0.000000,0.000000,0.000000,0.000000,0.000000,0.000000,6.400000,0.000000,0.000000,49.550000,99.200000,174.561645,158.408424,101.643410,129.600000,719.363480,2833.013480,2113.650000,0.253922,0.000000
Red asparagus (chemical free),341030,,,MAKAR,Vegetables,"Fresh, Chemical free",0.000000,0.000000,0.000000,0.000000,0.000000,0.000000,0.000000,0.000000,0.000000,0.000000,0.000000,0.000000,0.000000,0.000000,0.000000,0.000000,0.000000,0.000000,0.000000,0.000000,0.000000,0.000000,0.000000,0.000000,0.000000,0.000000,0.000000,0.000000,0.000000,0.000000,0.000000,0.000000,0.000000,0.000000,0.000000,0.000000,27.000000,152.000000,112.000000,77.000000,28.000000,317.690535,140.000000,0.000000,0.000000,853.690535,2803.690535,1950.000000,0.304488,0.000000
Zucchini (chemical free),461033,,,Sara nour,Vegetables,"Fresh, Chemical free",0.000000,0.000000,0.000000,0.000000,0.000000,0.000000,0.000000,0.000000,0.000000,0.000000,0.000000,0.000000,0.000000,0.000000,0.000000,0.000000,0.000000,0.000000,0.000000,0.000000,0.000000,0.000000,0.000000,0.000000,0.000000,0.000000,0.000000,0.000000,0.000000,0.000000,0.000000,0.000000,0.000000,0.000000,0.000000,0.000000,218.500000,70.000000,2.500000,50.000000,110.000000,103.076923,240.681924,85.509227,49.800000,930.068074,2762.568074,1832.500000,0.336668,0.000000
Bananas (chemical free),50001,,NGS,Balaika,Fruits,"Fresh, Chemical free",0.000000,0.000000,0.000000,0.000000,0.000000,0.000000,0.000000,0.000000,0.000000,0.000000,0.000000,0.000000,0.000000,0.000000,0.000000,0.000000,0.000000,0.000000,0.000000,0.000000,0.000000,0.000000,0.000000,0.000000,0.000000,0.000000,0.000000,0.000000,0.000000,0.000000,0.000000,0.000000,0.000000,0.000000,0.000000,0.000000,474.980000,11.880000,0.000000,0.000000,0.000000,0.000000,0.000000,257.263401,195.300000,939.423401,2712.563401,1773.140000,0.346323,0.000000
Mushroom,20015,,NGS,Agrovate,Vegetables,Fresh,0.000000,0.000000,0.000000,0.000000,0.000000,0.000000,0.000000,0.000000,0.000000,0.000000,0.000000,0.000000,0.000000,0.000000,0.000000,0.000000,0.000000,0.000000,0.000000,0.000000,0.000000,0.000000,0.000000,0.000000,0.000000,0.000000,0.000000,0.000000,0.000000,0.000000,0.000000,0.000000,0.000000,0.000000,0.000000,30.000000,246.500000,41.710000,58.500000,62.874830,123.500000,71.500000,54.653350,81.407778,109.232439,879.878397,2580.058397,1700.180000,0.341030,0.000000
Colored bell pepper (Chemical free),141003,,NGS,El Hoda,Vegetables,"Fresh, Chemical free",0.000000,0.000000,0.000000,0.000000,0.000000,0.000000,0.000000,0.000000,0.000000,0.000000,0.000000,0.000000,0.000000,0.000000,0.000000,0.000000,0.000000,0.000000,0.000000,0.000000,0.000000,0.000000,0.000000,0.000000,0.000000,0.000000,0.000000,0.000000,0.000000,0.000000,0.000000,0.000000,0.000000,0.000000,0.000000,0.000000,107.900000,67.250000,66.950000,77.250000,66.950000,30.900000,91.419743,61.513541,66.950000,637.083283,2420.683283,1783.600000,0.263183,0.000000
Cairo delivery fee,Cairodeliveryfee,,Freight,Freight,General,,0.000000,0.000000,630.000000,420.000000,610.000000,680.000000,80.000000,0.000000,0.000000,0.000000,0.000000,0.000000,0.000000,0.000000,0.000000,0.000000,0.000000,0.000000,0.000000,0.000000,0.000000,0.000000,0.000000,0.000000,0.000000,0.000000,0.000000,0.000000,0.000000,0.000000,0.000000,0.000000,0.000000,0.000000,0.000000,0.000000,0.000000,0.000000,0.000000,0.000000,0.000000,0.000000,0.000000,0.000000,0.000000,2420.000000,2420.000000,0.000000,1.000000,0.000000
Lolla rossa (chemical free),341024,,,MAKAR,Vegetables,"Chemical free, Greens",0.000000,0.000000,0.000000,0.000000,0.000000,0.000000,0.000000,0.000000,0.000000,0.000000,0.000000,0.000000,0.000000,0.000000,0.000000,0.000000,0.000000,0.000000,0.000000,0.000000,0.000000,0.000000,0.000000,0.000000,0.000000,0.000000,0.000000,0.000000,0.000000,0.000000,0.000000,0.000000,0.000000,0.000000,0.000000,9.000000,138.000000,72.000000,63.000000,148.185350,128.275353,122.232922,103.418890,32.920450,15.000000,832.032966,2287.122966,1455.090000,0.363790,0.000000
Green beans (chemical free) - french,341017,,,MAKAR,Vegetables,"Fresh, Chemical free",0.000000,0.000000,0.000000,0.000000,0.000000,0.000000,0.000000,0.000000,0.000000,0.000000,0.000000,0.000000,0.000000,0.000000,0.000000,0.000000,0.000000,0.000000,0.000000,0.000000,0.000000,0.000000,0.000000,0.000000,0.000000,0.000000,0.000000,0.000000,0.000000,0.000000,0.000000,0.000000,0.000000,0.000000,0.000000,0.000000,68.000000,89.000000,60.800000,-7.000000,42.000000,313.282397,35.000000,43.035028,21.000000,665.117425,2235.117425,1570.000000,0.297576,0.000000
Kiwi,Kiwi,,Kheir Misr,Rafic,Fresh fruits,,0.000000,0.000000,0.000000,0.000000,0.000000,0.000000,0.000000,2.100000,12.250000,13.650000,40.950000,30.450000,48.350000,42.300000,16.450000,23.030000,34.780000,21.150000,16.920000,13.630000,29.610000,23.970000,8.930000,17.390000,20.210000,0.000000,0.000000,0.000000,0.000000,0.000000,0.000000,0.000000,0.000000,0.000000,0.000000,0.000000,0.000000,0.000000,0.000000,0.000000,0.000000,0.000000,0.000000,0.000000,0.000000,416.120000,2042.310000,1626.190000,0.203750,0.000000
Cucumber (organic),461042,,,Sara nour,Vegetables,"Fresh, Chemical free",0.000000,0.000000,0.000000,0.000000,0.000000,0.000000,0.000000,0.000000,0.000000,0.000000,0.000000,0.000000,0.000000,0.000000,0.000000,0.000000,0.000000,0.000000,0.000000,0.000000,0.000000,0.000000,0.000000,0.000000,0.000000,0.000000,0.000000,0.000000,0.000000,0.000000,0.000000,0.000000,0.000000,0.000000,0.000000,0.000000,0.000000,59.500000,17.500000,3.500000,63.000000,160.000000,0.000000,164.600000,104.000000,572.100000,2034.600000,1462.500000,0.281185,0.000000
Balady eggs (chemical free),661001,,,Bio organic,Eggs,"Chemical free, Eggs",0.000000,0.000000,0.000000,0.000000,0.000000,0.000000,0.000000,0.000000,0.000000,0.000000,0.000000,0.000000,0.000000,0.000000,0.000000,0.000000,0.000000,0.000000,0.000000,0.000000,0.000000,0.000000,0.000000,0.000000,0.000000,0.000000,0.000000,0.000000,0.000000,0.000000,0.000000,0.000000,0.000000,0.000000,0.000000,0.000000,0.000000,27.000000,104.000000,132.500000,166.015094,10.000000,0.000000,0.000000,0.000000,439.515094,1968.015094,1528.500000,0.223329,0.000000
Potatoes (chemical free),461023,,,Sara nour,Vegetables,"Fresh, Chemical free",0.000000,0.000000,0.000000,0.000000,0.000000,0.000000,0.000000,0.000000,0.000000,0.000000,0.000000,0.000000,0.000000,0.000000,0.000000,0.000000,0.000000,0.000000,0.000000,0.000000,0.000000,0.000000,0.000000,0.000000,0.000000,0.000000,0.000000,0.000000,0.000000,0.000000,0.000000,0.000000,0.000000,0.000000,0.000000,0.000000,42.500000,107.500000,65.000000,72.426471,82.500000,245.000000,125.040984,145.460251,84.250000,969.677705,1964.677705,995.000000,0.493556,0.000000
Tomatoes,Tomatoes,,Kheir Misr,Rafic,Fresh vegetables,,0.000000,0.000000,0.000000,0.000000,0.000000,0.000000,0.000000,5.400000,21.000000,41.400000,44.400000,29.400000,33.940000,37.610000,12.350000,14.950000,39.650000,18.200000,13.650000,12.864735,18.200000,27.300000,16.250000,10.860000,7.280000,0.000000,0.000000,0.000000,0.000000,0.000000,0.000000,0.000000,0.000000,0.000000,0.000000,0.000000,0.000000,0.000000,0.000000,0.000000,0.000000,0.000000,0.000000,0.000000,0.000000,404.704735,1964.244735,1559.540000,0.206036,0.000000
cucumber,cucumber,,Kheir Misr,Rafic,Fresh vegetables,,0.000000,0.000000,0.000000,0.000000,0.000000,0.000000,0.000000,3.200000,12.400000,46.000000,26.400000,23.200000,37.240000,24.000000,7.240000,12.160000,31.920000,19.000000,16.720000,22.971670,13.680000,15.960000,14.440000,8.860000,6.930000,0.000000,0.000000,0.000000,0.000000,0.000000,0.000000,0.000000,0.000000,0.000000,0.000000,0.000000,0.000000,0.000000,0.000000,0.000000,0.000000,0.000000,0.000000,0.000000,0.000000,342.321670,1960.611670,1618.290000,0.174599,0.000000
Spinach,Spinach,,Kheir Misr,Rafic,Fresh vegetables,,0.000000,0.000000,0.000000,0.000000,0.000000,0.000000,0.000000,5.200000,32.500000,42.900000,50.700000,35.100000,69.400000,21.000000,0.000000,0.000000,0.000000,0.000000,2.340000,38.610000,36.270000,32.760000,18.720000,14.040000,8.190000,0.000000,0.000000,0.000000,0.000000,0.000000,0.000000,0.000000,0.000000,0.000000,0.000000,0.000000,0.000000,0.000000,0.000000,0.000000,0.000000,0.000000,0.000000,0.000000,0.000000,407.730000,1911.130000,1503.400000,0.213345,0.000000
Potatoes,Potatoes,,Kheir Misr,Rafic,Fresh vegetables,,0.000000,0.000000,0.000000,0.000000,0.000000,0.000000,0.000000,3.200000,14.400000,20.800000,23.200000,17.600000,16.260000,16.380000,17.740000,15.000000,17.000000,15.730000,15.730000,27.170000,18.590000,25.740000,22.880000,25.230000,9.040000,0.000000,0.000000,0.000000,0.000000,0.000000,0.000000,0.000000,0.000000,0.000000,0.000000,0.000000,0.000000,0.000000,0.000000,0.000000,0.000000,0.000000,0.000000,0.000000,0.000000,321.690000,1802.450000,1480.760000,0.178474,0.000000
Zucchini (organic),461041,,,Sara nour,Vegetables,"Fresh, Organic",0.000000,0.000000,0.000000,0.000000,0.000000,0.000000,0.000000,0.000000,0.000000,0.000000,0.000000,0.000000,0.000000,0.000000,0.000000,0.000000,0.000000,0.000000,0.000000,0.000000,0.000000,0.000000,0.000000,0.000000,0.000000,0.000000,0.000000,0.000000,0.000000,0.000000,0.000000,0.000000,0.000000,0.000000,0.000000,0.000000,0.000000,91.000000,156.700000,130.294118,22.000000,110.000000,0.000000,90.234738,64.600000,664.828855,1744.328855,1079.500000,0.381137,0.000000
Kiwi,20013,,NGS,Agrovate,Fruits,Fresh,0.000000,0.000000,0.000000,0.000000,0.000000,0.000000,0.000000,0.000000,0.000000,0.000000,0.000000,0.000000,0.000000,0.000000,0.000000,0.000000,0.000000,0.000000,0.000000,0.000000,0.000000,0.000000,0.000000,0.000000,0.000000,0.000000,0.000000,0.000000,0.000000,0.000000,0.000000,0.000000,0.000000,0.000000,0.000000,3.000000,111.000000,85.500000,25.500000,34.500000,79.500000,94.662597,99.317506,84.178648,23.200000,640.358751,1712.198751,1071.840000,0.373998,0.000000
Broccoli (chemical free),341007,,,MAKAR,Vegetables,"Fresh, Chemical free",0.000000,0.000000,0.000000,0.000000,0.000000,0.000000,0.000000,0.000000,0.000000,0.000000,0.000000,0.000000,0.000000,0.000000,0.000000,0.000000,0.000000,0.000000,0.000000,0.000000,0.000000,0.000000,0.000000,0.000000,0.000000,0.000000,0.000000,0.000000,0.000000,0.000000,0.000000,0.000000,0.000000,0.000000,0.000000,4.000000,54.000000,66.000000,65.758794,21.000000,48.000000,33.000000,96.627618,179.969048,88.800000,657.155460,1701.985460,1044.830000,0.386111,0.000000
Green iceberg lettuce (chemical free),341019,,,MAKAR,Vegetables,"Chemical free, Greens",0.000000,0.000000,0.000000,0.000000,0.000000,0.000000,0.000000,0.000000,0.000000,0.000000,0.000000,0.000000,0.000000,0.000000,0.000000,0.000000,0.000000,0.000000,0.000000,0.000000,0.000000,0.000000,0.000000,0.000000,0.000000,0.000000,0.000000,0.000000,0.000000,0.000000,0.000000,0.000000,0.000000,0.000000,0.000000,0.000000,48.000000,36.000000,44.000000,83.550778,91.400000,119.651914,49.406529,42.022255,13.400000,527.431475,1616.921475,1089.490000,0.326195,0.000000
Arugula(chemical free),501001,,,Tabiey,Vegetables,"Fresh, Chemical free",0.000000,0.000000,0.000000,0.000000,0.000000,0.000000,0.000000,0.000000,0.000000,0.000000,0.000000,0.000000,0.000000,0.000000,0.000000,0.000000,0.000000,0.000000,0.000000,0.000000,0.000000,0.000000,0.000000,0.000000,0.000000,0.000000,0.000000,0.000000,0.000000,0.000000,0.000000,0.000000,0.000000,0.000000,0.000000,7.500000,77.500000,5.000000,0.000000,0.000000,48.000000,157.906667,144.069747,65.773962,71.950000,577.700375,1593.940375,1016.240000,0.362435,0.000000
Carrot (chemical free),501051,,,Tabiey,Vegetables,"Fresh, Chemical free",0.000000,0.000000,0.000000,0.000000,0.000000,0.000000,0.000000,0.000000,0.000000,0.000000,0.000000,0.000000,0.000000,0.000000,0.000000,0.000000,0.000000,0.000000,0.000000,0.000000,0.000000,0.000000,0.000000,0.000000,0.000000,0.000000,0.000000,0.000000,0.000000,0.000000,0.000000,0.000000,0.000000,0.000000,0.000000,0.000000,0.000000,0.000000,0.000000,0.000000,14.000000,110.076588,260.914794,60.743274,59.300000,505.034656,1582.284656,1077.250000,0.319181,0.000000
Flax Seeds ( Egyptian ) 100g,291005,,NGS,IMN,Seeds,"Super food, Weight loss, Seeds",0.000000,0.000000,0.000000,0.000000,0.000000,0.000000,0.000000,0.000000,0.000000,0.000000,0.000000,0.000000,0.000000,0.000000,0.000000,0.000000,0.000000,0.000000,0.000000,0.000000,0.000000,0.000000,0.000000,0.000000,0.000000,0.000000,0.000000,0.000000,0.000000,0.000000,0.000000,0.000000,0.000000,0.000000,0.000000,0.000000,110.000000,46.500000,36.000000,33.000000,43.650000,36.140000,49.883876,63.460000,10.000000,428.633876,1560.583876,1131.950000,0.274663,0.000000
Fresh ginger (imported),20009,,NGS,Agrovate,Vegetables,Fresh,0.000000,0.000000,0.000000,0.000000,0.000000,0.000000,0.000000,0.000000,0.000000,0.000000,0.000000,0.000000,0.000000,0.000000,0.000000,0.000000,0.000000,0.000000,0.000000,0.000000,0.000000,0.000000,0.000000,0.000000,0.000000,0.000000,0.000000,0.000000,0.000000,0.000000,0.000000,0.000000,0.000000,0.000000,0.000000,0.000000,61.750000,15.000000,0.660000,27.090000,60.000000,71.449383,86.577585,41.550000,60.000000,424.076968,1533.076968,1109.000000,0.276618,0.000000
Lime(chemical free),461012,,,Sara nour,Vegetables,"Fresh, Chemical free",0.000000,0.000000,0.000000,0.000000,0.000000,0.000000,0.000000,0.000000,0.000000,0.000000,0.000000,0.000000,0.000000,0.000000,0.000000,0.000000,0.000000,0.000000,0.000000,0.000000,0.000000,0.000000,0.000000,0.000000,0.000000,0.000000,0.000000,0.000000,0.000000,0.000000,0.000000,0.000000,0.000000,0.000000,0.000000,0.000000,193.250000,22.000000,0.000000,19.250000,36.550000,86.229900,84.611420,115.700000,100.750000,658.341321,1454.291321,795.950000,0.452689,0.000000
Balady bread (whole grain),321001,,NGS,Karima,Bread,Whole grain,0.000000,0.000000,0.000000,0.000000,0.000000,0.000000,0.000000,0.000000,0.000000,0.000000,0.000000,0.000000,0.000000,0.000000,0.000000,0.000000,0.000000,0.000000,0.000000,0.000000,0.000000,0.000000,0.000000,0.000000,0.000000,0.000000,0.000000,0.000000,0.000000,0.000000,0.000000,0.000000,0.000000,0.000000,0.000000,0.000000,78.000000,66.000000,12.000000,42.000000,36.000000,33.000000,55.360656,45.000000,57.000000,424.360656,1418.360656,994.000000,0.299191,0.000000
Zucchini,Zucchini,,Kheir Misr,Rafic,Fresh vegetables,,0.000000,0.000000,0.000000,0.000000,0.000000,0.000000,0.000000,2.600000,11.700000,16.250000,15.600000,21.450000,20.300000,14.160000,5.900000,7.670000,22.420000,7.300000,19.200000,14.720000,11.520000,19.840000,9.600000,5.520000,3.240000,0.000000,0.000000,0.000000,0.000000,0.000000,0.000000,0.000000,0.000000,0.000000,0.000000,0.000000,0.000000,0.000000,0.000000,0.000000,0.000000,0.000000,0.000000,0.000000,0.000000,228.990000,1394.760000,1165.770000,0.164179,0.000000
Sweet oranges,20028,,NGS,Agrovate,Fruits,Fresh,0.000000,0.000000,0.000000,0.000000,0.000000,0.000000,0.000000,0.000000,0.000000,0.000000,0.000000,0.000000,0.000000,0.000000,0.000000,0.000000,0.000000,0.000000,0.000000,0.000000,0.000000,0.000000,0.000000,0.000000,0.000000,0.000000,0.000000,0.000000,0.000000,0.000000,0.000000,0.000000,0.000000,0.000000,0.000000,0.000000,111.000000,15.000000,6.000000,44.000000,85.500000,126.000000,-1.192238,0.000000,47.230000,433.537762,1170.807762,737.270000,0.370289,0.000000
Pak choi (chemical free),341029,,,MAKAR,Vegetables,"Chemical free, Greens",0.000000,0.000000,0.000000,0.000000,0.000000,0.000000,0.000000,0.000000,0.000000,0.000000,0.000000,0.000000,0.000000,0.000000,0.000000,0.000000,0.000000,0.000000,0.000000,0.000000,0.000000,0.000000,0.000000,0.000000,0.000000,0.000000,0.000000,0.000000,0.000000,0.000000,0.000000,0.000000,0.000000,0.000000,0.000000,0.000000,56.000000,4.000000,10.000000,20.000000,25.000000,152.170295,60.000000,12.296610,29.000000,368.466905,1158.466905,790.000000,0.318064,0.000000
Yellow carrots,Yellowcarrots,,NGS,Rafic,Fresh vegetables,,0.000000,0.000000,0.000000,0.000000,0.000000,0.000000,0.000000,0.000000,5.020000,6.930000,13.440000,24.360000,21.420000,15.120000,3.360000,6.720000,10.080000,5.660000,-3.680000,-2.850000,-3.230000,-4.750000,-0.240000,15.980000,6.480000,0.000000,0.000000,0.000000,0.000000,0.000000,0.000000,0.000000,0.000000,0.000000,0.000000,0.000000,0.000000,0.000000,0.000000,0.000000,0.000000,0.000000,0.000000,0.000000,0.000000,119.820000,1064.050000,944.230000,0.112607,0.000000
Pink grapfruit,20020,,NGS,Agrovate,Fruits,Fresh,0.000000,0.000000,0.000000,0.000000,0.000000,0.000000,0.000000,0.000000,0.000000,0.000000,0.000000,0.000000,0.000000,0.000000,0.000000,0.000000,0.000000,0.000000,0.000000,0.000000,0.000000,0.000000,0.000000,0.000000,0.000000,0.000000,0.000000,0.000000,0.000000,0.000000,0.000000,0.000000,0.000000,0.000000,0.000000,0.000000,127.000000,35.000000,0.000000,18.900000,9.300000,54.055294,73.626442,28.190000,67.130000,413.201736,1047.831736,634.630000,0.394340,0.000000
Beetroot (chemical free),501006,,,Tabiey,Vegetables,"Fresh, Chemical free",0.000000,0.000000,0.000000,0.000000,0.000000,0.000000,0.000000,0.000000,0.000000,0.000000,0.000000,0.000000,0.000000,0.000000,0.000000,0.000000,0.000000,0.000000,0.000000,0.000000,0.000000,0.000000,0.000000,0.000000,0.000000,0.000000,0.000000,0.000000,0.000000,0.000000,0.000000,0.000000,0.000000,0.000000,0.000000,0.000000,16.250000,0.000000,0.000000,0.000000,27.000000,89.200000,167.255677,53.800000,36.000000,389.505677,1032.955677,643.450000,0.377079,0.000000
Cherries (imported),20006,,NGS,Agrovate,Fruits,Fresh,0.000000,0.000000,0.000000,0.000000,0.000000,0.000000,0.000000,0.000000,0.000000,0.000000,0.000000,0.000000,0.000000,0.000000,0.000000,0.000000,0.000000,0.000000,0.000000,0.000000,0.000000,0.000000,0.000000,0.000000,0.000000,0.000000,0.000000,0.000000,0.000000,0.000000,0.000000,0.000000,0.000000,0.000000,0.000000,0.000000,18.750000,7.150000,68.780000,107.310000,49.440000,8.240000,0.000000,34.390000,0.000000,294.060000,999.200000,705.140000,0.294295,0.000000
Roquette (chemical free),341035,,,MAKAR,Vegetables,"Chemical free, Greens",0.000000,0.000000,0.000000,0.000000,0.000000,0.000000,0.000000,0.000000,0.000000,0.000000,0.000000,0.000000,0.000000,0.000000,0.000000,0.000000,0.000000,0.000000,0.000000,0.000000,0.000000,0.000000,0.000000,0.000000,0.000000,0.000000,0.000000,0.000000,0.000000,0.000000,0.000000,0.000000,0.000000,0.000000,0.000000,0.000000,54.000000,42.000000,40.000000,44.000000,71.047096,91.517094,3.045073,17.680000,6.000000,369.289262,965.609262,596.320000,0.382442,0.000000
Aubergene (Roumy) - organic,461001,,,Sara nour,Vegetables,"Fresh, Organic",0.000000,0.000000,0.000000,0.000000,0.000000,0.000000,0.000000,0.000000,0.000000,0.000000,0.000000,0.000000,0.000000,0.000000,0.000000,0.000000,0.000000,0.000000,0.000000,0.000000,0.000000,0.000000,0.000000,0.000000,0.000000,0.000000,0.000000,0.000000,0.000000,0.000000,0.000000,0.000000,0.000000,0.000000,0.000000,1.750000,87.530000,12.000000,22.500000,49.500000,34.080000,67.500000,54.098361,37.077509,65.410000,431.445870,941.235870,509.790000,0.458382,0.000000
Watercress (chemical free),341046,,,MAKAR,Vegetables,"Fresh, Greens",0.000000,0.000000,0.000000,0.000000,0.000000,0.000000,0.000000,0.000000,0.000000,0.000000,0.000000,0.000000,0.000000,0.000000,0.000000,0.000000,0.000000,0.000000,0.000000,0.000000,0.000000,0.000000,0.000000,0.000000,0.000000,0.000000,0.000000,0.000000,0.000000,0.000000,0.000000,0.000000,0.000000,0.000000,0.000000,0.000000,60.000000,47.000000,6.000000,51.000000,39.000000,46.465844,21.000000,4.400000,15.000000,289.865844,839.865844,550.000000,0.345134,0.000000
Italian basil (chemical free),341020,,,MAKAR,Herbs,"Fresh, Chemical free",0.000000,0.000000,0.000000,0.000000,0.000000,0.000000,0.000000,0.000000,0.000000,0.000000,0.000000,0.000000,0.000000,0.000000,0.000000,0.000000,0.000000,0.000000,0.000000,0.000000,0.000000,0.000000,0.000000,0.000000,0.000000,0.000000,0.000000,0.000000,0.000000,0.000000,0.000000,0.000000,0.000000,0.000000,0.000000,0.000000,34.000000,43.000000,30.000000,53.248826,18.000000,60.000000,25.570000,12.000000,12.000000,287.818826,796.248826,508.430000,0.361468,0.000000
Celery (chemical free),501009,,,Tabiey,Herbs,"Fresh, Chemical free",0.000000,0.000000,0.000000,0.000000,0.000000,0.000000,0.000000,0.000000,0.000000,0.000000,0.000000,0.000000,0.000000,0.000000,0.000000,0.000000,0.000000,0.000000,0.000000,0.000000,0.000000,0.000000,0.000000,0.000000,0.000000,0.000000,0.000000,0.000000,0.000000,0.000000,0.000000,0.000000,0.000000,0.000000,0.000000,0.000000,35.350000,5.000000,0.000000,0.000000,48.000000,51.000000,84.697931,16.320000,15.000000,255.367931,677.207931,421.840000,0.377089,0.000000
Chives (chemical free),341010,,,MAKAR,Vegetables,"Fresh, Chemical free",0.000000,0.000000,0.000000,0.000000,0.000000,0.000000,0.000000,0.000000,0.000000,0.000000,0.000000,0.000000,0.000000,0.000000,0.000000,0.000000,0.000000,0.000000,0.000000,0.000000,0.000000,0.000000,0.000000,0.000000,0.000000,0.000000,0.000000,0.000000,0.000000,0.000000,0.000000,0.000000,0.000000,0.000000,0.000000,0.000000,22.000000,10.000000,10.000000,66.905078,20.000000,27.009363,20.351806,7.000000,21.000000,204.266248,658.926248,454.660000,0.309999,0.000000
Cherry tomato (chemical free),341051,,,MAKAR,Vegetables,"Fresh, Chemical free",0.000000,0.000000,0.000000,0.000000,0.000000,0.000000,0.000000,0.000000,0.000000,0.000000,0.000000,0.000000,0.000000,0.000000,0.000000,0.000000,0.000000,0.000000,0.000000,0.000000,0.000000,0.000000,0.000000,0.000000,0.000000,0.000000,0.000000,0.000000,0.000000,0.000000,0.000000,0.000000,0.000000,0.000000,0.000000,16.000000,102.840000,60.000000,43.000000,25.600000,36.000000,-6.000000,0.000000,0.000000,3.000000,280.440000,640.000000,359.560000,0.438188,0.000000

Gross Profit,,,,,,,0.000000,0.000000,710.000000,420.000000,610.000000,680.000000,80.000000,536.780000,2171.970000,2740.730000,2911.090000,2397.020000,3065.980000,2610.950000,1525.610000,1144.970000,3424.310000,2199.960000,2937.250000,2115.606977,2035.820000,1759.130000,2454.440000,3043.560000,4137.380000,2749.270000,3857.190000,5754.980000,7449.995000,7160.530000,8038.870000,7843.360000,1839.130000,0.000000,0.000000,867.800000,30837.100000,15361.642607,9337.481896,17047.077518,19468.362042,25810.701542,26994.781894,24455.697994,14883.542545
Revenue,,,,,,,0.000000,0.000000,710.000000,420.000000,610.000000,680.000000,80.000000,1606.830000,6898.330000,9077.280000,9670.840000,7575.670000,10337.020000,7708.970000,4659.270000,3992.940000,12340.240000,7542.180000,11253.150000,7251.526977,6987.820000,5913.970000,9126.210000,10487.050000,14204.850000,13049.140000,13331.060000,17337.220000,26262.215000,22473.650000,24199.830000,21740.940000,5033.600000,0.000000,0.000000,1711.300000,91582.430000,50121.692607,28467.631896,50252.847518,58340.122042,73990.601542,76767.381894,74495.697994,43522.982545
Cost of Goods,,,,,,,0.000000,0.000000,0.000000,0.000000,0.000000,0.000000,0.000000,1070.050000,4726.360000,6336.550000,6759.750000,5178.650000,7271.040000,5098.020000,3133.660000,2847.970000,8915.930000,5342.220000,8315.900000,5135.920000,4952.000000,4154.840000,6671.770000,7443.490000,10067.470000,10299.870000,9473.870000,11582.240000,18812.220000,15313.120000,16160.960000,13897.580000,3194.470000,0.000000,0.000000,843.500000,60745.330000,34760.050000,19130.150000,33205.770000,38871.760000,48179.900000,49772.600000,50040.000000,28639.440000
Margin,,,,,,,0.000000,0.000000,1.000000,1.000000,1.000000,1.000000,1.000000,0.334061,0.314854,0.301933,0.301017,0.316410,0.296602,0.338690,0.327435,0.286749,0.277491,0.291688,0.261016,0.291746,0.291338,0.297453,0.268944,0.290221,0.291265,0.210686,0.289339,0.331944,0.283677,0.318619,0.332187,0.360765,0.365371,0.000000,0.000000,0.507100,0.336714,0.306487,0.328003,0.339226,0.333705,0.348838,0.351644,0.328283,0.341970
Tax,,,,,,,0.000000,0.000000,0.000000,0.000000,0.000000,0.000000,0.000000,0.000000,0.000000,0.000000,0.000000,0.000000,0.000000,0.000000,0.000000,0.000000,0.000000,0.000000,0.000000,0.000000,0.000000,0.000000,0.000000,0.000000,0.000000,0.000000,0.000000,0.000000,0.000000,0.000000,0.000000,0.000000,0.000000,0.000000,0.000000,0.000000,0.000000,0.000000,0.000000,0.000000,0.000000,0.000000,0.000000,0.000000,0.000000
